Player,Team,FF,FR,FR TD
Fred Warner,San Francisco 49ers,4,0,0
T.J. Watt,Pittsburgh Steelers,4,2,0
Jessie Bates,Atlanta Falcons,3,1,0
Nate Landman,Atlanta Falcons,3,0,0
Tykee Smith,Tampa Bay Buccaneers,3,0,0
Leo Chenal,Kansas City Chiefs,2,0,0
Lavonte David,Tampa Bay Buccaneers,2,0,0
Kingsley Enagbare,Green Bay Packers,2,0,0
A.J. Epenesa,Buffalo Bills,2,0,0
Zaire Franklin,Indianapolis Colts,2,0,0
Myles Garrett,Cleveland Browns,2,0,0
Derick Hall,Seattle Seahawks,2,1,1
Neville Hewitt,Houston Texans,2,0,0
Amani Hooker,Tennessee Titans,2,0,0
Eric Kendricks,Dallas Cowboys,2,0,0
Arden Key,Tennessee Titans,2,1,0
Laiatu Latu,Indianapolis Colts,2,1,0
Khalil Mack,Los Angeles Chargers,2,1,0
Will McDonald IV,New York Jets,2,1,0
Dayo Odeyingbo,Indianapolis Colts,2,1,0
Bobby Okereke,New York Giants,2,2,0
Germaine Pratt,Cincinnati Bengals,2,2,0
Amik Robertson,Detroit Lions,2,0,0
Alontae Taylor,New Orleans Saints,2,0,0
Trevin Wallace,Carolina Panthers,2,1,0
Keion White,New England Patriots,2,0,0
Kwon Alexander,Denver Broncos,1,1,0
Azeez Al-Shaair,Houston Texans,1,0,0
Evan Anderson,San Francisco 49ers,1,0,0
Felix Anudike-Uzomah,Kansas City Chiefs,1,1,0
Dorance Armstrong,Washington Commanders,1,0,0
Jerome Baker,Seattle Seahawks,1,1,0
Deonte Banks,New York Giants,1,0,0
Derek Barnett,Houston Texans,1,0,0
Cody Barton,Denver Broncos,1,1,1
Zack Baun,Philadelphia Eagles,1,0,0
Andrew Billings,Chicago Bears,1,0,0
Joey Bosa,Los Angeles Chargers,1,0,0
Nick Bosa,San Francisco 49ers,1,1,0
Brian Branch,Detroit Lions,1,0,0
Bryan Bresee,New Orleans Saints,1,0,0
Jaquan Brisker,Chicago Bears,1,0,0
Karl Brooks,Green Bay Packers,1,1,0
Sydney Brown,Philadelphia Eagles,1,0,0
Tony Brown,Cleveland Browns,1,0,0
Oren Burks,Philadelphia Eagles,1,0,0
Brian Burns,New York Giants,1,0,0
Calais Campbell,Miami Dolphins,1,0,0
Elijah Campbell,Miami Dolphins,1,0,0
Jack Campbell,Detroit Lions,1,0,0
Joe Cardona,New England Patriots,1,0,0
Jeremy Chinn,Washington Commanders,1,1,0
Chuck Clark,New York Jets,1,1,0
Micheal Clemons,New York Jets,1,0,0
James Conner,Arizona Cardinals,1,0,0
Edgerrin Cooper,Green Bay Packers,1,1,0
Jonathon Cooper,Denver Broncos,1,0,0
Nick Cross,Indianapolis Colts,1,0,0
Kam Curl,Los Angeles Rams,1,1,1
Yaya Diaby,Tampa Bay Buccaneers,1,0,0
Marcellas Dial Jr.,New England Patriots,1,0,0
Victor Dimukeje,Arizona Cardinals,1,0,0
Tyrel Dodson,Seattle Seahawks,1,0,0
Rasul Douglas,Buffalo Bills,1,0,0
Kyle Dugger,New England Patriots,1,0,0
Cobie Durant,Los Angeles Rams,1,0,0
Tremaine Edmunds,Chicago Bears,1,0,0
T.J. Edwards,Chicago Bears,1,1,0
DeShon Elliott,Pittsburgh Steelers,1,1,0
Christian Elliss,New England Patriots,1,1,0
Martin Emerson,Cleveland Browns,1,1,0
Braden Fiske,Los Angeles Rams,1,2,0
Leonard Floyd,San Francisco 49ers,1,0,0
Dante Fowler Jr.,Washington Commanders,1,0,0
Tyrek Funderburk,Tampa Bay Buccaneers,1,0,0
Dennis Gardeck,Arizona Cardinals,1,0,0
Willie Gay Jr.,New Orleans Saints,1,2,0
Brandon Graham,Philadelphia Eagles,1,0,0
Carl Granderson,New Orleans Saints,1,0,0
J.T. Gray,New Orleans Saints,1,0,0
Renardo Green,San Francisco 49ers,1,0,0
Jonathan Greenard,Minnesota Vikings,1,0,0
Kyle Hamilton,Baltimore Ravens,1,1,0
Daniel Hardy,Chicago Bears,1,0,0
Shelby Harris,Cleveland Browns,1,0,0
Cam Hart,Los Angeles Chargers,1,0,0
Trey Hendrickson,Cincinnati Bengals,1,0,0
Nick Herbig,Pittsburgh Steelers,1,1,0
Taysom Hill,New Orleans Saints,1,0,0
Jevon Holland,Miami Dolphins,1,0,0
Sam Hubbard,Cincinnati Bengals,1,0,0
Jalyx Hunt,Philadelphia Eagles,1,0,0
Danielle Hunter,Houston Texans,1,0,0
Aidan Hutchinson,Detroit Lions,1,0,0
Christian Izien,Tampa Bay Buccaneers,1,0,0
Taron Johnson,Buffalo Bills,1,0,0
Brandon Jones,Denver Broncos,1,1,0
Chris Jones,Kansas City Chiefs,1,0,0
Dre'Mont Jones,Seattle Seahawks,1,0,0
Jaylon Jones,Chicago Bears,1,0,0
Jonathan Jones,New England Patriots,1,0,0
Patrick Jones II,Minnesota Vikings,1,0,0
Linval Joseph,Dallas Cowboys,1,0,0
Chris Lammons,Indianapolis Colts,1,2,0
Demarcus Lawrence,Dallas Cowboys,1,0,0
Carl Lawson,Dallas Cowboys,1,0,0
Deommodore Lenoir,San Francisco 49ers,1,0,0
Devin Lloyd,Jacksonville Jaguars,1,0,0
Roy Lopez,Arizona Cardinals,1,0,0
Julian Love,Seattle Seahawks,1,0,0
Jesse Luketa,Arizona Cardinals,1,0,0
Darrell Luter Jr.,San Francisco 49ers,1,0,0
Frankie Luvu,Washington Commanders,1,2,0
Boye Mafe,Seattle Seahawks,1,0,0
Marte Mapu,New England Patriots,1,0,0
Tyrann Mathieu,New Orleans Saints,1,1,0
Ochaun Mathis,New England Patriots,1,0,0
Micah McFadden,New York Giants,1,1,0
Isaiah McGuire,Cleveland Browns,1,0,0
Ja'Quan McMillian,Denver Broncos,1,0,0
Max Melton,Arizona Cardinals,1,0,0
Josh Metellus,Minnesota Vikings,1,0,0
Ventrell Miller,Jacksonville Jaguars,1,0,0
Riley Moss,Denver Broncos,1,1,0
Byron Murphy,Minnesota Vikings,1,0,0
Keisean Nixon,Green Bay Packers,1,0,0
Tyler Nubin,New York Giants,1,1,0
Dare Ogunbowale,Houston Texans,1,0,0
Sam Okuayinonu,San Francisco 49ers,1,0,0
Ed Oliver,Buffalo Bills,1,0,0
Segun Olubi,Indianapolis Colts,1,1,0
Levi Onwuzurike,Detroit Lions,1,0,0
DeMarvion Overshown,Dallas Cowboys,1,0,0
Odafe Oweh,Baltimore Ravens,1,0,0
Jeremiah Owusu-Koramoah,Cleveland Browns,1,0,0
Owen Pappoe,Arizona Cardinals,1,0,0
Jayden Peevy,Carolina Panthers,1,0,0
Mike Pennel,Kansas City Chiefs,1,0,0
Andru Phillips,New York Giants,1,0,0
Harrison Phillips,Minnesota Vikings,1,0,0
James Pierre,Pittsburgh Steelers,1,0,0
Jeremy Reaves,Washington Commanders,1,0,0
Jalen Reeves-Maybin,Detroit Lions,1,0,0
Rashee Rice,Kansas City Chiefs,1,0,0
Elandon Roberts,Pittsburgh Steelers,1,0,0
Greg Rousseau,Buffalo Bills,1,0,0
Noah Sewell,Chicago Bears,1,0,0
Jeffery Simmons,Tennessee Titans,1,1,0
Darius Slay,Philadelphia Eagles,1,0,0
Roquan Smith,Baltimore Ravens,1,0,0
Dawuane Smoot,Buffalo Bills,1,0,0
Javon Solomon,Buffalo Bills,1,0,0
Reddy Steward,Chicago Bears,1,0,0
Grover Stewart,Indianapolis Colts,1,1,0
Dante Stills,Arizona Cardinals,1,0,0
Benjamin St-Juste,Washington Commanders,1,0,0
Montez Sweat,Chicago Bears,1,0,0
Darrell Taylor,Chicago Bears,1,0,0
Juanyeh Thomas,Dallas Cowboys,1,0,0
Solomon Thomas,New York Jets,1,0,0
Starling Thomas V,Arizona Cardinals,1,0,0
Joe Tryon-Shoyinka,Tampa Bay Buccaneers,1,0,0
Tuli Tuipulotu,Los Angeles Chargers,1,0,0
Kobie Turner,Los Angeles Rams,1,0,0
Payton Turner,New Orleans Saints,1,0,0
Shy Tuttle,Carolina Panthers,1,2,0
Sione Vaki,Detroit Lions,1,0,0
Andrew Van Ginkel,Minnesota Vikings,1,0,0
Kyle Van Noy,Baltimore Ravens,1,0,0
Jared Verse,Los Angeles Rams,1,0,0
Bobby Wagner,Washington Commanders,1,1,0
Travon Walker,Jacksonville Jaguars,1,1,1
K'Von Wallace,Seattle Seahawks,1,0,0
Tershawn Wharton,Kansas City Chiefs,1,0,0
Nate Wiggins,Baltimore Ravens,1,0,0
Dorian Williams,Buffalo Bills,1,2,0
Evan Williams,Green Bay Packers,1,0,0
Quincy Williams,New York Jets,1,2,0
Eric Wilson,Green Bay Packers,1,0,0
Logan Wilson,Cincinnati Bengals,1,2,0
Devon Witherspoon,Seattle Seahawks,1,0,0
Isaac Yiadom,San Francisco 49ers,1,1,0
Byron Young,Los Angeles Rams,1,0,0
Ameer Abdullah,Las Vegas Raiders,0,0,0
Yasir Abdullah,Jacksonville Jaguars,0,0,0
Micah Abernathy,Atlanta Falcons,0,0,0
Johnathan Abram,New Orleans Saints,0,0,0
Davante Adams,Las Vegas Raiders,0,0,0
Jamal Adams,Tennessee Titans,0,0,0
Matthew Adams,New York Giants,0,0,0
Montravius Adams,Pittsburgh Steelers,0,0,0
Myles Adams,Seattle Seahawks,0,0,0
Tony Adams,New York Jets,0,0,0
Jordan Addison,Minnesota Vikings,0,0,0
Adetomiwa Adebawore,Indianapolis Colts,0,0,0
Paulson Adebo,New Orleans Saints,0,0,0
Nate Adkins,Denver Broncos,0,0,0
Cal Adomitis,Cincinnati Bengals,0,0,0
Cam Akers,Minnesota Vikings,0,0,0
Jordan Akins,Cleveland Browns,0,0,0
Jaire Alexander,Green Bay Packers,0,1,0
Davis Allen,Los Angeles Rams,0,0,0
Jonathan Allen,Washington Commanders,0,0,0
Josh Hines-Allen,Jacksonville Jaguars,0,1,0
Josh Allen,Buffalo Bills,0,0,0
Zach Allen,Denver Broncos,0,0,0
Tyler Allgeier,Atlanta Falcons,0,0,0
Ugo Amadi,New Orleans Saints,0,0,0
Troy Andersen,Atlanta Falcons,0,0,0
Robbie Chosen,Miami Dolphins,0,0,0
Tycen Anderson,Cincinnati Bengals,0,0,0
Zayne Anderson,Green Bay Packers,0,0,0
Will Anderson Jr.,Houston Texans,0,1,0
Joe Andreessen,Buffalo Bills,0,0,0
Eli Ankou,Buffalo Bills,0,0,0
Daijahn Anthony,Cincinnati Bengals,0,0,0
Alex Anzalone,Detroit Lions,0,0,0
Eli Apple,Los Angeles Chargers,0,0,0
Jalyn Armour-Davis,Baltimore Ravens,0,0,0
Arik Armstead,Jacksonville Jaguars,0,0,0
Terrion Arnold,Detroit Lions,0,0,0
Brian Asamoah,Minnesota Vikings,0,0,0
Tutu Atwell,Los Angeles Rams,0,0,0
Denico Autry,Houston Texans,0,0,0
Tre Avery,Tennessee Titans,0,0,0
Chidobe Awuzie,Tennessee Titans,0,0,0
Joe Bachie,Cincinnati Bengals,0,0,0
Alex Bachman,Las Vegas Raiders,0,0,0
Jake Bailey,Miami Dolphins,0,0,0
Levelle Bailey,Denver Broncos,0,0,0
Budda Baker,Arizona Cardinals,0,0,0
Darrell Baker Jr.,Tennessee Titans,0,0,0
Corey Ballentine,Green Bay Packers,0,0,0
Aaron Banks,San Francisco 49ers,0,0,0
AJ Barner,Seattle Seahawks,0,0,0
Derrick Barnes,Detroit Lions,0,0,0
Krys Barnes,Arizona Cardinals,0,0,0
Jackson Barton,Arizona Cardinals,0,0,0
Carlos Basham,New York Giants,0,0,0
Rashod Bateman,Baltimore Ravens,0,0,0
Jake Bates,Detroit Lions,0,0,0
John Bates,Washington Commanders,0,0,0
Jordan Battle,Cincinnati Bengals,0,0,0
Robert Beal Jr.,San Francisco 49ers,0,0,0
D'Anthony Bell,Cleveland Browns,0,0,0
Markquese Bell,Dallas Cowboys,0,0,0
Quinton Bell,Miami Dolphins,0,0,0
Vonn Bell,Cincinnati Bengals,0,0,0
Daniel Bellinger,New York Giants,0,0,0
Nick Bellore,Washington Commanders,0,0,0
Dane Belton,New York Giants,0,0,0
Christian Benford,Buffalo Bills,0,0,0
Jakorian Bennett,Las Vegas Raiders,0,0,0
Trey Benson,Arizona Cardinals,0,0,0
Ja'Whaun Bentley,New England Patriots,0,0,0
Keeanu Benton,Pittsburgh Steelers,0,1,0
Terrel Bernard,Buffalo Bills,0,1,0
Jarrick Bernard-Converse,New York Jets,0,0,0
Braxton Berrios,Miami Dolphins,0,0,0
JD Bertrand,Atlanta Falcons,0,0,0
Tatum Bethune,San Francisco 49ers,0,1,0
Cole Bishop,Buffalo Bills,0,0,0
Beanie Bishop Jr.,Pittsburgh Steelers,0,0,0
Julian Blackmon,Indianapolis Colts,0,1,0
Raheem Blackshear,Carolina Panthers,0,0,0
Angelo Blackson,Arizona Cardinals,0,0,0
Josh Blackwell,Chicago Bears,0,0,0
Marquise Blair,Seattle Seahawks,0,0,0
Reed Blankenship,Philadelphia Eagles,0,0,0
Khari Blasingame,Chicago Bears,0,0,0
Joey Blount,Arizona Cardinals,0,0,0
Chris Board,Baltimore Ravens,0,0,0
Jacob Bobenmoyer,Las Vegas Raiders,0,0,0
Jake Bobo,Seattle Seahawks,0,0,0
Isaiah Bolden,New England Patriots,0,1,0
Nick Bolton,Kansas City Chiefs,0,0,0
Nik Bonitto,Denver Broncos,0,0,0
Austin Booker,Chicago Bears,0,0,0
Thomas Booker,Philadelphia Eagles,0,0,0
Andrew Booth,Dallas Cowboys,0,0,0
Dicaprio Bootle,Los Angeles Chargers,0,0,0
Brock Bowers,Las Vegas Raiders,0,0,0
Tyus Bowser,Seattle Seahawks,0,0,0
Khristian Boyd,New Orleans Saints,0,0,0
Kris Boyd,Houston Texans,0,0,0
Beau Brade,Baltimore Ravens,0,0,0
Chris Braswell,Tampa Bay Buccaneers,0,0,0
Christian Braswell,Jacksonville Jaguars,0,0,0
Julius Brents,Indianapolis Colts,0,0,0
C.J. Brewer,Tampa Bay Buccaneers,0,0,0
K.J. Britt,Tampa Bay Buccaneers,0,0,0
British Brooks,Houston Texans,0,0,0
Chris Brooks,Green Bay Packers,0,0,0
Jalen Brooks,Dallas Cowboys,0,0,0
Jordyn Brooks,Miami Dolphins,0,0,0
Natrone Brooks,Atlanta Falcons,0,0,0
Derrick Brown,Carolina Panthers,0,0,0
Evan Brown,Arizona Cardinals,0,0,0
Ji'Ayir Brown,San Francisco 49ers,0,0,0
Mike Brown,Tennessee Titans,0,0,0
Montaric Brown,Jacksonville Jaguars,0,0,0
Pharaoh Brown,Seattle Seahawks,0,0,0
Tre Brown,Seattle Seahawks,0,0,0
Bobby Brown III,Los Angeles Rams,0,0,0
Baron Browning,Arizona Cardinals,0,0,0
Jarvis Brownlee Jr.,Tennessee Titans,0,0,0
Taven Bryan,Indianapolis Colts,0,1,0
Coby Bryant,Seattle Seahawks,0,0,0
Harrison Bryant,Las Vegas Raiders,0,0,0
Myles Bryant,Houston Texans,0,0,0
DeForest Buckner,Indianapolis Colts,0,0,0
Javon Bullard,Green Bay Packers,0,0,0
Jonathan Bullard,Minnesota Vikings,0,0,0
Calen Bullock,Houston Texans,0,1,0
Sean Murphy-Bunting,Arizona Cardinals,0,0,0
Treylon Burks,Tennessee Titans,0,0,0
Amari Burney,Las Vegas Raiders,0,0,0
Artie Burns,Seattle Seahawks,0,0,0
Michael Burton,Denver Broncos,0,0,0
Devin Bush,Cleveland Browns,0,0,0
Adam Butler,Las Vegas Raiders,0,0,0
Matthew Butler,Las Vegas Raiders,0,0,0
Percy Butler,Washington Commanders,0,0,0
Kevin Byard,Chicago Bears,0,2,0
Camryn Bynum,Minnesota Vikings,0,1,0
Grant Calcaterra,Philadelphia Eagles,0,0,0
De'Vondre Campbell,San Francisco 49ers,0,0,0
Tyson Campbell,Jacksonville Jaguars,0,0,0
Jaylon Carlies,Indianapolis Colts,0,0,0
Caelen Carson,Dallas Cowboys,0,0,0
DeWayne Carter,Buffalo Bills,0,0,0
Jalen Carter,Philadelphia Eagles,0,0,0
Lorenzo Carter,Atlanta Falcons,0,0,0
Michael Carter II,New York Jets,0,1,0
Zachary Carter,Cincinnati Bengals,0,0,0
Blake Cashman,Minnesota Vikings,0,0,0
K'Lavon Chaisson,Las Vegas Raiders,0,0,0
Zach Charbonnet,Seattle Seahawks,0,0,0
Irvin Charles,New York Jets,0,0,0
Ja'Marr Chase,Cincinnati Bengals,0,0,0
Elijah Chatman,New York Giants,0,1,0
Claudin Cherelus,Carolina Panthers,0,0,0
Cole Christiansen,Kansas City Chiefs,0,0,0
Andre Cisco,Jacksonville Jaguars,0,0,0
Damone Clark,Dallas Cowboys,0,0,0
Kei'Trel Clark,Arizona Cardinals,0,0,0
Kenny Clark,Green Bay Packers,0,1,0
Ben Cleveland,Baltimore Ravens,0,0,0
Jadeveon Clowney,Carolina Panthers,0,0,0
Keondre Coburn,Tennessee Titans,0,0,0
Jack Cochrane,Kansas City Chiefs,0,0,0
Brandon Codrington,Buffalo Bills,0,0,0
Jalen Coker,Carolina Panthers,0,0,0
Myles Cole,Jacksonville Jaguars,0,0,0
L.J. Collier,Arizona Cardinals,0,1,0
Keon Coleman,Buffalo Bills,0,0,0
Maliek Collins,San Francisco 49ers,0,2,0
Nico Collins,Houston Texans,0,0,0
Zaven Collins,Arizona Cardinals,0,0,0
Junior Colson,Los Angeles Chargers,0,0,0
Chris Conley,San Francisco 49ers,0,0,0
Chamarri Conner,Kansas City Chiefs,0,1,1
Tanner Conner,Miami Dolphins,0,0,0
Bryan Cook,Kansas City Chiefs,0,0,0
Logan Cooke,Jacksonville Jaguars,0,0,0
Blake Corum,Los Angeles Rams,0,0,0
Britain Covey,Philadelphia Eagles,0,0,0
Byron Cowart,Chicago Bears,0,0,0
Morgan Cox,Tennessee Titans,0,0,0
Maxx Crosby,Las Vegas Raiders,0,0,0
McClendon Curtis,Seattle Seahawks,0,0,0
DeeJay Dallas,Arizona Cardinals,0,0,0
Drew Dalman,Atlanta Falcons,0,0,0
Scott Daly,Chicago Bears,0,0,0
Michael Danna,Kansas City Chiefs,0,0,0
Ronald Darby,Jacksonville Jaguars,0,0,0
Sam Darnold,Minnesota Vikings,0,0,0
Christian Darrisaw,Minnesota Vikings,0,0,0
Marcus Davenport,Detroit Lions,0,0,0
DJ Davidson,New York Giants,0,0,0
Ashtyn Davis,New York Jets,0,0,0
Carlton Davis,Detroit Lions,0,2,0
Demario Davis,New Orleans Saints,0,0,0
Isaiah Davis,New York Jets,0,0,0
Jalen Davis,Cincinnati Bengals,0,0,0
Jamin Davis,Green Bay Packers,0,0,0
Jordan Davis,Philadelphia Eagles,0,0,0
Kalia Davis,San Francisco 49ers,0,0,0
Khalil Davis,Houston Texans,0,0,0
Michael Davis,Washington Commanders,0,0,0
Raekwon Davis,Indianapolis Colts,0,0,0
Tyler Davis,Green Bay Packers,0,0,0
Akeem Davis-Gaither,Cincinnati Bengals,0,0,0
Sheldon Day,Washington Commanders,0,0,0
Divine Deablo,Las Vegas Raiders,0,0,0
Jamel Dean,Tampa Bay Buccaneers,0,0,0
Nakobe Dean,Philadelphia Eagles,0,1,0
Josiah Deguara,Jacksonville Jaguars,0,0,0
Cooper DeJean,Philadelphia Eagles,0,0,0
Tank Dell,Houston Texans,0,0,0
Grant Delpit,Cleveland Browns,0,1,0
Trevor Denbow,Indianapolis Colts,0,0,0
SirVocea Dennis,Tampa Bay Buccaneers,0,0,0
Andrew DePaola,Minnesota Vikings,0,0,0
Gervon Dexter Sr.,Chicago Bears,0,1,0
Mohamoud Diabate,Cleveland Browns,0,0,0
Michael Dickson,Seattle Seahawks,0,0,0
Quandre Diggs,Tennessee Titans,0,0,0
Stefon Diggs,Houston Texans,0,0,0
Trevon Diggs,Dallas Cowboys,0,0,0
Riley Dixon,Denver Broncos,0,0,0
Khalil Dorsey,Detroit Lions,0,0,0
Kevin Dotson,Los Angeles Rams,0,0,0
Romeo Doubs,Green Bay Packers,0,0,0
Josh Downs,Indianapolis Colts,0,0,0
Storm Duck,Miami Dolphins,0,0,0
Ashton Dulin,Indianapolis Colts,0,0,0
Bud Dupree,Los Angeles Chargers,0,0,0
Payne Durham,Tampa Bay Buccaneers,0,0,0
Troy Dye,Los Angeles Chargers,0,0,0
Arnold Ebiketie,Atlanta Falcons,0,0,0
Brandin Echols,New York Jets,0,0,0
Terrell Edmunds,Jacksonville Jaguars,0,0,0
Mike Edwards,Buffalo Bills,0,0,0
Mario Edwards,Houston Texans,0,1,0
Sam Eguavoen,New York Jets,0,0,0
Tommy Eichenberg,Las Vegas Raiders,0,0,0
Daniel Ekuale,New England Patriots,0,0,0
Kaiir Elam,Buffalo Bills,0,1,0
Ezekiel Elliott,Dallas Cowboys,0,0,0
Jordan Elliott,San Francisco 49ers,0,0,0
Jonah Elliss,Denver Broncos,0,0,0
Kaden Elliss,Atlanta Falcons,0,1,0
Jermaine Eluemunor,New York Giants,0,0,0
Evan Engram,Jacksonville Jaguars,0,0,0
Marcus Epps,Las Vegas Raiders,0,0,0
Zach Ertz,Washington Commanders,0,0,0
Travis Etienne,Jacksonville Jaguars,0,0,0
Akayleb Evans,Minnesota Vikings,0,0,0
Mike Evans,Tampa Bay Buccaneers,0,0,0
Ka'imi Fairbairn,Houston Texans,0,0,0
Noah Fant,Seattle Seahawks,0,0,0
Caleb Farley,Carolina Panthers,0,0,0
Luke Farrell,Jacksonville Jaguars,0,0,0
Neil Farrell,Miami Dolphins,0,0,0
Foley Fatukasi,Houston Texans,0,0,0
Simi Fehoko,Los Angeles Chargers,0,0,0
Blake Ferguson,Miami Dolphins,0,0,0
Jake Ferguson,Dallas Cowboys,0,0,0
Reid Ferguson,Buffalo Bills,0,0,0
Clelin Ferrell,Washington Commanders,0,0,0
Tony Fields II,Los Angeles Rams,0,0,0
AJ Finley,Los Angeles Chargers,0,0,0
Minkah Fitzpatrick,Pittsburgh Steelers,0,0,0
Joe Flacco,Indianapolis Colts,0,0,0
Demetrius Flannigan-Fowles,San Francisco 49ers,0,0,0
Tre Flowers,Indianapolis Colts,0,0,0
Cordale Flott,New York Giants,0,0,0
Ryan Flournoy,Dallas Cowboys,0,0,0
Dallis Flowers,Tampa Bay Buccaneers,0,0,0
Zay Flowers,Baltimore Ravens,0,0,0
Emmanuel Forbes,Washington Commanders,0,0,0
Dee Alford,Atlanta Falcons,0,0,0
Jaylan Ford,New Orleans Saints,0,0,0
Mike Ford,Cleveland Browns,0,0,0
Poona Ford,Los Angeles Chargers,0,0,0
Bryce Ford-Wheaton,New York Giants,0,0,0
Darrick Forrest,Washington Commanders,0,0,0
Isaiah Foskey,New Orleans Saints,0,0,0
Leki Fotu,New York Jets,0,0,0
Morgan Fox,Los Angeles Chargers,0,0,0
Tomon Fox,New York Giants,0,0,0
Mitchell Fraboni,Denver Broncos,0,0,0
John Franklin-Myers,Denver Broncos,0,0,0
Feleipe Franks,Carolina Panthers,0,1,0
Jordan Fuller,Carolina Panthers,0,0,0
Kendall Fuller,Miami Dolphins,0,0,0
Kristian Fulton,Los Angeles Chargers,0,0,0
Amari Gainer,Las Vegas Raiders,0,0,0
Greg Gaines,Tampa Bay Buccaneers,0,0,0
Neville Gallimore,Los Angeles Rams,0,0,0
Sauce Gardner,New York Jets,0,0,0
C.J. Gardner-Johnson,Philadelphia Eagles,0,0,0
Rashan Gary,Green Bay Packers,0,0,0
Ali Gaye,Tennessee Titans,0,0,0
Joe Gaziano,Jacksonville Jaguars,0,0,0
William Gholston,Tampa Bay Buccaneers,0,0,0
Jack Gibbens,Tennessee Titans,0,0,0
Luke Gifford,Tennessee Titans,0,0,0
Joe Giles-Harris,New England Patriots,0,0,0
Blake Gillikin,Arizona Cardinals,0,0,0
Cam Gill,Carolina Panthers,0,0,0
Reggie Gilliam,Buffalo Bills,0,0,0
Alohi Gilman,Los Angeles Chargers,0,0,0
Stephon Gilmore,Minnesota Vikings,0,0,0
Kevin Givens,San Francisco 49ers,0,0,0
Davon Godchaux,New England Patriots,0,0,0
Chris Godwin,Tampa Bay Buccaneers,0,0,0
Dallas Goedert,Philadelphia Eagles,0,0,0
Eddie Goldman,Atlanta Falcons,0,0,0
Chauncey Golston,Dallas Cowboys,0,0,0
Christian Gonzalez,New England Patriots,0,0,0
Tyler Goodson,Indianapolis Colts,0,0,0
C.J. Goodwin,Dallas Cowboys,0,0,0
Kyler Gordon,Chicago Bears,0,2,0
Adam Gotsis,Indianapolis Colts,0,0,0
Ta'Quon Graham,Atlanta Falcons,0,0,0
Kylen Granson,Indianapolis Colts,0,0,0
Richie Grant,Atlanta Falcons,0,0,0
Art Green,New York Giants,0,0,0
Mike Greene,Tampa Bay Buccaneers,0,0,0
Shaq Thompson,Carolina Panthers,0,0,0
Antonio Grier Jr.,Tampa Bay Buccaneers,0,0,0
Shaquill Griffin,Minnesota Vikings,0,0,0
Yetur Gross-Matos,San Francisco 49ers,0,0,0
Kamu Grugier-Hill,Minnesota Vikings,0,0,0
Blake Grupe,New Orleans Saints,0,0,0
Isaac Guerendo,San Francisco 49ers,0,0,0
Lawrence Guy,Cincinnati Bengals,0,0,0
Troy Hairston,Houston Texans,0,0,0
Darren Hall,Arizona Cardinals,0,0,0
Logan Hall,Tampa Bay Buccaneers,0,1,0
Mike Hall Jr.,Cleveland Browns,0,0,0
C.J. Ham,Minnesota Vikings,0,0,0
Antonio Hamilton,Atlanta Falcons,0,0,0
DaVon Hamilton,Jacksonville Jaguars,0,0,0
Damar Hamlin,Buffalo Bills,0,0,0
Nick Hampton,Los Angeles Rams,0,0,0
Da'Shawn Hand,Miami Dolphins,0,0,0
Johnathan Hankins,Seattle Seahawks,0,0,0
Jake Hansen,Houston Texans,0,0,0
Will Harris,New Orleans Saints,0,0,0
Javon Hargrave,San Francisco 49ers,0,0,0
Thomas Harper,Las Vegas Raiders,0,0,0
Jaylen Harrell,Tennessee Titans,0,0,0
Charles Harris,Carolina Panthers,0,0,0
Demone Harris,Atlanta Falcons,0,0,0
Jonathan Harris,Carolina Panthers,0,0,0
Malik Harrison,Baltimore Ravens,0,0,0
Zach Harrison,Atlanta Falcons,0,0,0
Hassan Haskins,Los Angeles Chargers,0,0,0
Hogan Hatten,Detroit Lions,0,0,0
Jaylinn Hawkins,New England Patriots,0,1,0
Tre Hawkins III,New York Giants,0,0,0
Josh Hayes,Tampa Bay Buccaneers,0,1,0
Marquis Haynes,Carolina Panthers,0,0,0
Malik Heath,Green Bay Packers,0,0,0
Bruce Hector,New York Jets,0,0,0
Peyton Hendershot,Kansas City Chiefs,0,0,0
Daiyan Henley,Los Angeles Chargers,0,0,0
Thomas Hennessy,New York Jets,0,0,0
KJ Henry,Dallas Cowboys,0,0,0
Khalil Herbert,Chicago Bears,0,0,0
Malik Herring,Kansas City Chiefs,0,0,0
Cameron Heyward,Pittsburgh Steelers,0,0,0
Connor Heyward,Pittsburgh Steelers,0,0,0
Ronnie Hickman Jr.,Cleveland Browns,0,1,0
Elijah Hicks,Chicago Bears,0,2,0
Faion Hicks,Seattle Seahawks,0,0,0
Jaden Hicks,Kansas City Chiefs,0,0,0
Jordan Hicks,Cleveland Browns,0,0,0
Alex Highsmith,Pittsburgh Steelers,0,0,0
B.J. Hill,Cincinnati Bengals,0,0,0
Daxton Hill,Cincinnati Bengals,0,0,0
Jamal Hill,Houston Texans,0,0,0
Julian Hill,Miami Dolphins,0,0,0
Troy Hill,Carolina Panthers,0,0,0
Mike Hilton,Cincinnati Bengals,0,0,0
Kurt Hinish,Houston Texans,0,0,0
Nate Hobbs,Las Vegas Raiders,0,0,0
KhaDarel Hodge,Atlanta Falcons,0,1,1
Michael Hoecht,Los Angeles Rams,0,0,0
Dallin Holker,New Orleans Saints,0,0,0
Mack Hollins,Buffalo Bills,0,1,0
Ka'dar Hollman,Baltimore Ravens,0,0,0
Darnay Holmes,Las Vegas Raiders,0,0,0
Jalyn Holmes,Washington Commanders,0,0,0
Travis Homer,Chicago Bears,0,0,0
Malik Hooker,Dallas Cowboys,0,0,0
Austin Hooper,New England Patriots,0,0,0
DeAndre Hopkins,Kansas City Chiefs,0,0,0
Ty'Ron Hopper,Green Bay Packers,0,0,0
Jaycee Horn,Carolina Panthers,0,0,0
Dylan Horton,Houston Texans,0,0,0
James Houston,Detroit Lions,0,0,0
Jordan Howden,New Orleans Saints,0,0,0
Khaleke Hudson,New Orleans Saints,0,0,0
Tanner Hudson,Cincinnati Bengals,0,0,0
Talanoa Hufanga,San Francisco 49ers,0,0,0
Bryce Huff,Philadelphia Eagles,0,0,0
Jerry Hughes,Houston Texans,0,0,0
Mike Hughes,Atlanta Falcons,0,0,0
Charley Hughlett,Cleveland Browns,0,0,0
Jacob Hummel,Los Angeles Rams,0,0,0
Lil'Jordan Humphrey,Denver Broncos,0,0,0
Marlon Humphrey,Baltimore Ravens,0,0,0
Robert Hunt,Carolina Panthers,0,0,0
Maurice Hurst,Cleveland Browns,0,0,0
Jalen Hurts,Philadelphia Eagles,0,0,0
Xavier Hutchinson,Houston Texans,0,0,0
Jalin Hyatt,New York Giants,0,0,0
Noah Igbinoghene,Washington Commanders,0,0,0
Thomas Incoom,Carolina Panthers,0,0,0
Alec Ingold,Miami Dolphins,0,0,0
Ja'Marcus Ingram,Buffalo Bills,0,0,0
Keaontay Ingram,Kansas City Chiefs,0,0,0
Bucky Irving,Tampa Bay Buccaneers,0,0,0
Adisa Isaac,Baltimore Ravens,0,0,0
D.J. Ivey,Cincinnati Bengals,0,0,0
Mike Jackson,Carolina Panthers,0,0,0
Adoree' Jackson,New York Giants,0,0,0
Brennan Jackson,Los Angeles Rams,0,0,0
Dane Jackson,Carolina Panthers,0,0,0
D'Marco Jackson,New Orleans Saints,0,0,0
Donte Jackson,Pittsburgh Steelers,0,0,0
Eddie Jackson,Baltimore Ravens,0,0,0
Jordan Jackson,Denver Broncos,0,0,0
Lamar Jackson,Baltimore Ravens,0,0,0
McKinnley Jackson,Cincinnati Bengals,0,0,0
Theo Jackson,Minnesota Vikings,0,0,0
Curtis Jacobs,New England Patriots,0,0,0
Derwin James,Los Angeles Chargers,0,0,0
Grady Jarrett,Atlanta Falcons,0,0,0
Javontae Jean-Baptiste,Washington Commanders,0,0,0
Shemar Jean-Charles,New Orleans Saints,0,0,0
Jordan Jefferson,Jacksonville Jaguars,0,0,0
Quinton Jefferson,Cleveland Browns,0,0,0
Elgton Jenkins,Green Bay Packers,0,0,0
John Jenkins,Las Vegas Raiders,0,0,0
Kris Jenkins,Cincinnati Bengals,0,0,0
Rayshawn Jenkins,Seattle Seahawks,0,1,1
Teven Jenkins,Chicago Bears,0,0,0
Anfernee Jennings,New England Patriots,0,0,0
Josey Jewell,Carolina Panthers,0,1,0
Josh Jobe,Seattle Seahawks,0,0,0
Diontae Johnson,Carolina Panthers,0,0,0
Ty Johnson,Buffalo Bills,0,0,0
Lonnie Johnson,Carolina Panthers,0,0,0
Antonio Johnson,Jacksonville Jaguars,0,0,0
Austin Johnson,Buffalo Bills,0,0,0
Buddy Johnson,Dallas Cowboys,0,0,0
Caleb Johnson,Jacksonville Jaguars,0,0,0
Cedric Johnson,Cincinnati Bengals,0,0,0
Collin Johnson,Chicago Bears,0,0,0
D'Ernest Johnson,Jacksonville Jaguars,0,0,0
Desjuan Johnson,Los Angeles Rams,0,0,0
DJ Johnson,Carolina Panthers,0,0,0
Eric Johnson,New England Patriots,0,0,0
Jakob Johnson,New York Giants,0,0,0
Jaylon Johnson,Chicago Bears,0,0,0
John Johnson,Los Angeles Rams,0,0,0
Nazeeh Johnson,Kansas City Chiefs,0,0,0
Patrick Johnson,New York Giants,0,0,0
Roschon Johnson,Chicago Bears,0,0,0
Jermaine Johnson II,New York Jets,0,0,0
Kingsley Jonathan,Buffalo Bills,0,0,0
Aaron Jones,Minnesota Vikings,0,0,0
Benito Jones,Miami Dolphins,0,0,0
Broderick Jones,Pittsburgh Steelers,0,0,0
Cam Jones,Kansas City Chiefs,0,0,0
DaQuan Jones,Buffalo Bills,0,0,0
D.J. Jones,Denver Broncos,0,0,0
Ernest Jones,Seattle Seahawks,0,0,0
Jack Jones,Las Vegas Raiders,0,0,0
Jarrian Jones,Jacksonville Jaguars,0,0,0
Jaylon Jones,Chicago Bears,0,0,0
Justin Jones,Arizona Cardinals,0,1,0
Vi Jones,Tampa Bay Buccaneers,0,0,0
Marcus Jones,New England Patriots,0,1,0
Naquan Jones,Arizona Cardinals,0,0,0
Travis Jones,Baltimore Ravens,0,0,0
Andre Jones Jr.,Washington Commanders,0,0,0
Cameron Jordan,New Orleans Saints,0,0,0
Mike Jordan,New England Patriots,0,0,0
Brandon Joseph,Detroit Lions,0,0,0
Kelvin Joseph,Indianapolis Colts,0,0,0
Kerby Joseph,Detroit Lions,0,0,0
Sebastian Joseph-Day,Tennessee Titans,0,0,0
Matthew Judon,Atlanta Falcons,0,0,0
Mohamed Kamara,Miami Dolphins,0,0,0
Sam Kamara,Cleveland Browns,0,0,0
Calijah Kancey,Tampa Bay Buccaneers,0,0,0
Sanoussi Kane,Baltimore Ravens,0,0,0
George Karlaftis,Kansas City Chiefs,0,0,0
Damontae Kazee,Pittsburgh Steelers,0,0,0
Devon Key,Denver Broncos,0,0,0
Ko Kieft,Tampa Bay Buccaneers,0,0,0
Miles Killebrew,Pittsburgh Steelers,0,0,0
Kamren Kinchens,Los Angeles Rams,0,0,0
Kevin King,Atlanta Falcons,0,0,0
Javon Kinlaw,New York Jets,0,0,0
Christian Kirk,Jacksonville Jaguars,0,0,0
George Kittle,San Francisco 49ers,0,0,0
Marshawn Kneeland,Dallas Cowboys,0,0,0
Tyrice Knight,Seattle Seahawks,0,0,0
Kader Kohou,Miami Dolphins,0,1,0
Charlie Kolar,Baltimore Ravens,0,0,0
Younghoe Koo,Atlanta Falcons,0,0,0
Tucker Kraft,Green Bay Packers,0,0,0
Casey Kreiter,New York Giants,0,0,0
Christian Kuntz,Pittsburgh Steelers,0,0,0
Tyler Lacy,Jacksonville Jaguars,0,0,0
Quentin Lake,Los Angeles Rams,0,0,0
CeeDee Lamb,Dallas Cowboys,0,0,0
Isaiah Land,Indianapolis Colts,0,0,0
Harold Landry,Tennessee Titans,0,0,0
Kamari Lassiter,Houston Texans,0,0,0
Marshon Lattimore,New Orleans Saints,0,0,0
Dylan Laube,Las Vegas Raiders,0,0,0
Jonah Laulu,Las Vegas Raiders,0,0,0
Dexter Lawrence,New York Giants,0,0,0
Trevor Lawrence,Jacksonville Jaguars,0,0,0
Allen Lazard,New York Jets,0,0,0
DeMarvin Leal,Pittsburgh Steelers,0,0,0
Jeremiah Ledbetter,Jacksonville Jaguars,0,0,0
Xavier Legette,Carolina Panthers,0,0,0
Deane Leonard,Los Angeles Chargers,0,0,0
Eku Leota,Carolina Panthers,0,0,0
Cam Lewis,Buffalo Bills,0,0,0
Damien Lewis,Carolina Panthers,0,0,0
Jourdan Lewis,Dallas Cowboys,0,1,0
Tyquan Lewis,Indianapolis Colts,0,0,0
Isaiah Likely,Baltimore Ravens,0,0,0
Beaux Limmer,Los Angeles Rams,0,0,0
Chris Lindstrom,Atlanta Falcons,0,0,0
Marist Liufau,Dallas Cowboys,0,0,0
P.J. Locke,Denver Broncos,0,0,0
Zion Logue,Atlanta Falcons,0,0,0
David Long,Indianapolis Colts,0,0,0
Hunter Long,Los Angeles Rams,0,0,0
Isaiahh Loudermilk,Pittsburgh Steelers,0,0,0
Dean Lowry,Pittsburgh Steelers,0,0,0
Hunter Luepke,Dallas Cowboys,0,0,0
James Lynch,Tennessee Titans,0,0,0
Avonte Maddox,Philadelphia Eagles,0,0,0
Nnamdi Madubuike,Baltimore Ravens,0,0,0
Jordan Magee,Washington Commanders,0,0,0
Jaylen Mahoney,San Francisco 49ers,0,0,0
Jordan Mailata,Philadelphia Eagles,0,0,0
DeAngelo Malone,Atlanta Falcons,0,0,0
Chris Manhertz,New York Giants,0,0,0
Jacob Martin,Chicago Bears,0,0,0
Quan Martin,Washington Commanders,0,0,0
Luke Masterson,Las Vegas Raiders,0,0,0
Tyler Matakevich,Pittsburgh Steelers,0,0,0
Damarri Mathis,Denver Broncos,0,0,0
Phidarian Mathis,Washington Commanders,0,0,0
Ross Matiscik,Jacksonville Jaguars,0,0,0
Scott Matlock,Los Angeles Chargers,0,0,0
Jordan Matthews,Carolina Panthers,0,0,0
Alexander Mattison,Las Vegas Raiders,0,0,0
Kana'i Mauga,Las Vegas Raiders,0,0,0
Arthur Maulet,Baltimore Ravens,0,0,0
Drake Maye,New England Patriots,0,0,0
Marcus Maye,Miami Dolphins,0,0,0
Tyreik McAllister,Las Vegas Raiders,0,0,0
Tanner McCalister,Denver Broncos,0,0,0
Nick McCloud,New York Giants,0,0,0
Jaylen McCollough,Los Angeles Rams,0,0,0
Tristin McCollum,Philadelphia Eagles,0,0,0
Zyon McCollum,Tampa Bay Buccaneers,0,1,0
Mason McCormick,Pittsburgh Steelers,0,0,0
Marcelino McCrary-Ball,New York Jets,0,0,0
Roger McCreary,Tennessee Titans,0,0,0
Isaiah McDuffie,Green Bay Packers,0,0,0
Trent McDuffie,Kansas City Chiefs,0,0,0
T.Y. McGill,San Francisco 49ers,0,0,0
Braiden McGregor,New York Jets,0,0,0
Kenny McIntosh,Seattle Seahawks,0,0,0
Takk McKinley,New York Jets,0,0,0
Xavier McKinney,Green Bay Packers,0,1,0
Kool-Aid McKinstry,New Orleans Saints,0,0,0
Jaleel McLaughlin,Denver Broncos,0,0,0
Terry McLaurin,Washington Commanders,0,0,0
Rodney McLeod Jr.,Cleveland Browns,0,1,1
Raekwon McMillan,New England Patriots,0,0,0
Alim McNeill,Detroit Lions,0,0,0
Jeremy McNichols,Washington Commanders,0,0,0
Quinn Meinerz,Denver Broncos,0,0,0
Bo Melton,Green Bay Packers,0,1,0
Kaevon Merriweather,Tampa Bay Buccaneers,0,0,0
Jakobi Meyers,Las Vegas Raiders,0,0,0
Dante Miller,New York Giants,0,0,0
Kolton Miller,Las Vegas Raiders,0,0,0
Ryan Miller,Tampa Bay Buccaneers,0,0,0
Scott Miller,Pittsburgh Steelers,0,0,0
Von Miller,Buffalo Bills,0,0,0
Jalen Mills,New York Jets,0,0,0
Jordan Mims,New Orleans Saints,0,0,0
Jonathan Mingo,Carolina Panthers,0,0,0
Cameron Mitchell,Cleveland Browns,0,0,0
Quinyon Mitchell,Philadelphia Eagles,0,0,0
Joe Mixon,Houston Texans,0,0,0
Tre'von Moehrig,Las Vegas Raiders,0,0,0
Elijah Molden,Los Angeles Chargers,0,1,0
Jarius Monroe,New York Jets,0,0,0
Jeremiah Moon,Pittsburgh Steelers,0,0,0
David Moore,Carolina Panthers,0,0,0
DJ Moore,Chicago Bears,0,0,0
Elijah Moore,Cleveland Browns,0,0,0
Kenny Moore II,Indianapolis Colts,0,1,1
Tarvarius Moore,Chicago Bears,0,0,0
Mike Morris,Seattle Seahawks,0,0,0
Quintin Morris,Buffalo Bills,0,0,0
Wanya Morris,Kansas City Chiefs,0,0,0
Nicholas Morrow,Buffalo Bills,0,0,0
Arron Mosby,Green Bay Packers,0,0,0
C.J. Mosley,New York Jets,0,0,0
Zack Moss,Cincinnati Bengals,0,0,0
Darius Muasau,New York Giants,0,0,0
Israel Mukuamu,Dallas Cowboys,0,0,0
Chad Muma,Jacksonville Jaguars,0,0,0
Caleb Murphy,Los Angeles Chargers,0,0,0
Myles Murphy,Cincinnati Bengals,0,0,0
Byron Murphy II,Seattle Seahawks,0,0,0
"Kenneth Murray, Jr.",Tennessee Titans,0,0,0
Eric Murray,Houston Texans,0,0,0
Tanner Muse,Jacksonville Jaguars,0,0,0
Malik Mustapha,San Francisco 49ers,0,0,0
Josh Myers,Green Bay Packers,0,0,0
Puka Nacua,Los Angeles Rams,0,0,0
Siran Neal,Miami Dolphins,0,0,0
Nik Needham,Miami Dolphins,0,0,0
Anthony Nelson,Tampa Bay Buccaneers,0,0,0
Greg Newsome II,Cleveland Browns,0,0,0
Jer'Zhan Newton,Washington Commanders,0,1,0
Josh Newton,Cincinnati Bengals,0,0,0
Yannick Ngakoue,Baltimore Ravens,0,0,0
Bilal Nichols,Arizona Cardinals,0,0,0
Ben Niemann,Detroit Lions,0,0,0
Nick Niemann,Los Angeles Chargers,0,0,0
David Njoku,Cleveland Browns,0,0,0
Maema Njongmeta,Cincinnati Bengals,0,0,0
Derrick Nnadi,Kansas City Chiefs,0,0,0
Trevor Nowaske,Detroit Lions,0,0,0
Rakeem Nunez-Roches,New York Giants,0,0,0
Uchenna Nwosu,Seattle Seahawks,0,0,0
Efe Obada,Washington Commanders,0,0,0
Aidan O'Connell,Las Vegas Raiders,0,0,0
Pat O'Connor,Detroit Lions,0,0,0
Osa Odighizuwa,Dallas Cowboys,0,0,0
George Odum,San Francisco 49ers,0,0,0
Rome Odunze,Chicago Bears,0,0,0
Emmanuel Ogbah,Miami Dolphins,0,0,0
Amen Ogbongbemiga,Chicago Bears,0,0,0
Otito Ogbonnia,Los Angeles Chargers,0,0,0
Andrew Ogletree,Indianapolis Colts,0,0,0
Adetokunbo Ogundeji,Pittsburgh Steelers,0,0,0
Larry Ogunjobi,Pittsburgh Steelers,0,0,0
David Ojabo,Baltimore Ravens,0,0,0
Moro Ojomo,Philadelphia Eagles,0,0,0
Azeez Ojulari,New York Giants,0,1,0
Ty Okada,Seattle Seahawks,0,0,0
Chig Okonkwo,Tennessee Titans,0,0,0
Ogbo Okoronkwo,Cleveland Browns,0,0,0
Julian Okwara,Arizona Cardinals,0,0,0
Kitan Oladapo,Green Bay Packers,0,0,0
Chris Olave,New Orleans Saints,0,0,0
Bryce Oliver,Tennessee Titans,0,0,0
Isaiah Oliver,New York Jets,0,0,0
Josh Oliver,Minnesota Vikings,0,0,0
Foye Oluokun,Jacksonville Jaguars,0,0,0
David Onyemata,Atlanta Falcons,0,0,0
Ruke Orhorhoro,Atlanta Falcons,0,0,0
Anfernee Orji,New Orleans Saints,0,0,0
Amani Oruwariye,Dallas Cowboys,0,0,0
Matthew Orzech,Green Bay Packers,0,0,0
Joseph Ossai,Cincinnati Bengals,0,0,0
Esezi Otomewo,Jacksonville Jaguars,0,0,0
Cade Otton,Tampa Bay Buccaneers,0,0,0
Jonathan Owens,Chicago Bears,0,0,0
Tyler Owens,Washington Commanders,0,0,0
Ivan Pace Jr.,Minnesota Vikings,0,1,1
Dylan Parham,Las Vegas Raiders,0,0,0
Micah Parsons,Dallas Cowboys,0,0,0
Joshua Paschal,Detroit Lions,0,0,0
Kwity Paye,Indianapolis Colts,0,0,0
Daron Payne,Washington Commanders,0,0,0
Rico Payton,New Orleans Saints,0,0,0
Kyle Peko,Detroit Lions,0,0,0
Jabrill Peppers,New England Patriots,0,0,0
Samaje Perine,Kansas City Chiefs,0,0,0
Denzel Perryman,Los Angeles Chargers,0,0,0
Dell Pettus,New England Patriots,0,0,0
Jeremiah Pharms,New England Patriots,0,0,0
Del'Shawn Phillips,Houston Texans,0,0,0
Jaelan Phillips,Miami Dolphins,0,0,0
Jordan Phillips,Dallas Cowboys,0,0,0
Clark Phillips III,Atlanta Falcons,0,0,0
Zacch Pickens,Chicago Bears,0,0,0
Alec Pierce,Indianapolis Colts,0,0,0
Dameon Pierce,Houston Texans,0,0,0
Michael Pierce,Baltimore Ravens,0,0,0
Brandon Pili,Miami Dolphins,0,0,0
Bradley Pinion,Atlanta Falcons,0,0,0
Jason Pinnock,New York Giants,0,0,0
Jalen Pitre,Houston Texans,0,0,0
Michael Pittman,Indianapolis Colts,0,0,0
Isaiah Pola-Mao,Las Vegas Raiders,0,0,0
Joey Porter Jr.,Pittsburgh Steelers,0,0,0
Jackson Powers-Johnson,Las Vegas Raiders,0,0,0
Jordan Poyer,Miami Dolphins,0,0,0
Adam Prentice,New Orleans Saints,0,0,0
Dak Prescott,Dallas Cowboys,0,0,0
Bobby Price,Washington Commanders,0,0,0
Deantre Prince,Jacksonville Jaguars,0,0,0
Nehemiah Pritchett,Seattle Seahawks,0,0,0
James Proche,Cleveland Browns,0,0,0
MyCole Pruitt,Pittsburgh Steelers,0,0,0
Dominick Puni,San Francisco 49ers,0,0,0
Brock Purdy,San Francisco 49ers,0,0,0
Shaquille Quarterman,Carolina Panthers,0,0,0
Patrick Queen,Pittsburgh Steelers,0,0,0
Dillon Radunz,Tennessee Titans,0,0,0
Bernhard Raimann,Indianapolis Colts,0,0,0
Ennis Rakestraw Jr.,Detroit Lions,0,0,0
Jalen Ramsey,Miami Dolphins,0,0,0
Sheldon Rankins,Cincinnati Bengals,0,0,0
Taylor Rapp,Buffalo Bills,0,0,0
LaBryan Ray,Carolina Panthers,0,0,0
D.J. Reader,Detroit Lions,0,0,0
Haason Reddick,New York Jets,0,0,0
Jalen Redmond,Minnesota Vikings,0,0,0
D.J. Reed,New York Jets,0,0,0
Jarran Reed,Seattle Seahawks,0,0,0
Troy Reeder,Los Angeles Rams,0,0,0
Jerrick Reed II,Seattle Seahawks,0,0,0
Otis Reese,Tennessee Titans,0,0,0
Justin Reid,Kansas City Chiefs,0,0,0
Winston Reid,Cleveland Browns,0,0,0
Jon Rhattigan,Carolina Panthers,0,0,0
Sean Rhyan,Green Bay Packers,0,0,0
Patrick Ricard,Baltimore Ravens,0,0,0
Decamerion Richardson,Las Vegas Raiders,0,0,0
Demani Richardson,Carolina Panthers,0,0,0
Bo Richter,Minnesota Vikings,0,0,0
Eli Ricks,Philadelphia Eagles,0,0,0
John Ridgeway,New Orleans Saints,0,0,0
Calvin Ridley,Tennessee Titans,0,0,0
Duke Riley,Miami Dolphins,0,0,0
Jordon Riley,New York Giants,0,0,0
Kelee Ringo,Philadelphia Eagles,0,1,0
Ronnie Rivers,Los Angeles Rams,0,0,0
Malcolm Roach,Denver Broncos,0,0,0
Roy Robertson-Harris,Seattle Seahawks,0,0,0
A'Shawn Robinson,Carolina Panthers,0,0,0
Bijan Robinson,Atlanta Falcons,0,0,0
Chop Robinson,Miami Dolphins,0,0,0
Curtis Robinson,San Francisco 49ers,0,0,0
Dominique Robinson,Chicago Bears,0,0,0
Jammie Robinson,Carolina Panthers,0,0,0
Janarius Robinson,Las Vegas Raiders,0,0,0
Mark Robinson,Pittsburgh Steelers,0,0,0
Tavius Robinson,Baltimore Ravens,0,0,0
Robert Rochell,Green Bay Packers,0,0,0
Isaiah Rodgers,Philadelphia Eagles,0,0,0
Malcolm Rodriguez,Detroit Lions,0,1,0
Christian Roland-Wallace,Kansas City Chiefs,0,0,0
Roger Rosengarten,Baltimore Ravens,0,0,0
D'Angelo Ross,Houston Texans,0,0,0
Josh Ross,Seattle Seahawks,0,0,0
Jaquelin Roy,New England Patriots,0,0,0
Christian Rozeboom,Los Angeles Rams,0,0,0
Jeremy Ruckert,New York Jets,0,0,0
Brady Russell,Seattle Seahawks,0,0,0
J.J. Russell,Tampa Bay Buccaneers,0,1,0
Mike Sainristil,Washington Commanders,0,0,0
Curtis Samuel,Buffalo Bills,0,0,0
Deebo Samuel Sr.,San Francisco 49ers,0,0,0
Asante Samuel Jr.,Los Angeles Chargers,0,0,0
Jack Sanborn,Chicago Bears,0,0,0
Miles Sanders,Carolina Panthers,0,0,0
Eric Saubert,San Francisco 49ers,0,0,0
Khalen Saunders,New Orleans Saints,0,0,0
Darnell Savage,Jacksonville Jaguars,0,0,0
Brenden Schooler,New England Patriots,0,0,0
Nick Scott,Carolina Panthers,0,0,0
Trey Sermon,Indianapolis Colts,0,0,0
Tim Settle,Houston Texans,0,0,0
Isaac Seumalo,Pittsburgh Steelers,0,0,0
Kevon Seymour,Washington Commanders,0,0,0
Rashid Shaheed,New Orleans Saints,0,0,0
Kendall Sheffield,New York Jets,0,0,0
Duke Shelley,New York Giants,0,0,0
Laviska Shenault Jr.,Seattle Seahawks,0,0,0
John Shenker,Las Vegas Raiders,0,0,0
Nathan Shepherd,New Orleans Saints,0,0,0
Trent Sherfield,Minnesota Vikings,0,0,0
Jamien Sherwood,New York Jets,0,0,0
Will Shipley,Philadelphia Eagles,0,0,0
Trent Sieg,Dallas Cowboys,0,0,0
Zach Sieler,Miami Dolphins,0,1,0
Nesta Jade Silvera,San Francisco 49ers,0,0,0
Isaiah Simmons,New York Giants,0,0,0
Justin Simmons,Atlanta Falcons,0,0,0
Trenton Simpson,Baltimore Ravens,0,1,0
Devin Singletary,New York Giants,0,0,0
Alex Singleton,Denver Broncos,0,0,0
Ben Sinnott,Washington Commanders,0,0,0
JL Skinner,Denver Broncos,0,1,0
Ben Skowronek,Pittsburgh Steelers,0,0,0
Tedarrell Slaton,Green Bay Packers,0,0,0
Stone Smartt,Los Angeles Chargers,0,0,0
Cam Smith,Miami Dolphins,0,0,0
Chris Smith,Detroit Lions,0,0,0
DeVonta Smith,Philadelphia Eagles,0,0,0
Harrison Smith,Minnesota Vikings,0,1,0
Jonnu Smith,Miami Dolphins,0,0,0
Keidron Smith,Denver Broncos,0,0,0
Maason Smith,Jacksonville Jaguars,0,0,0
Mazi Smith,Dallas Cowboys,0,0,0
Nolan Smith,Philadelphia Eagles,0,0,0
Preston Smith,Green Bay Packers,0,0,0
Terell Smith,Chicago Bears,0,0,0
T.J. Smith,Carolina Panthers,0,0,0
Tremon Smith,Denver Broncos,0,0,0
Trey Smith,Kansas City Chiefs,0,0,0
Xavier Smith,Los Angeles Rams,0,0,0
Za'Darius Smith,Cleveland Browns,0,0,0
Chris Smith II,Las Vegas Raiders,0,0,0
Jaxon Smith-Njigba,Seattle Seahawks,0,0,0
Chau Smith-Wade,Carolina Panthers,0,0,0
James Smith-Williams,Atlanta Falcons,0,0,0
L'Jarius Sneed,Tennessee Titans,0,0,0
Charles Snowden,Las Vegas Raiders,0,0,0
Tyjae Spears,Tennessee Titans,0,0,0
Baylon Spector,Buffalo Bills,0,1,0
E.J. Speed,Indianapolis Colts,0,0,0
Omar Speights,Los Angeles Rams,0,0,0
Robert Spillane,Las Vegas Raiders,0,0,0
Isaiah Stalbird,New Orleans Saints,0,0,0
Amon-Ra St. Brown,Detroit Lions,0,0,0
Brandon Stephens,Baltimore Ravens,0,0,0
Tyrique Stevenson,Chicago Bears,0,0,0
M.J. Stewart,Houston Texans,0,1,0
Qwan'tez Stiggers,New York Jets,0,0,0
Tarheeb Still,Los Angeles Chargers,0,0,0
Ben Stille,Arizona Cardinals,0,1,0
Derek Stingley Jr.,Houston Texans,0,0,0
Eric Stokes,Green Bay Packers,0,0,0
Jack Stoll,Philadelphia Eagles,0,0,0
Geno Stone,Cincinnati Bengals,0,0,0
Cade Stover,Houston Texans,0,0,0
Kentavius Street,Atlanta Falcons,0,0,0
Justin Strnad,Denver Broncos,0,0,0
Greg Stroman,New York Giants,0,0,0
Pierre Strong,Cleveland Browns,0,0,0
Grant Stuard,Indianapolis Colts,0,0,0
Ty Summers,New York Giants,0,0,0
Rex Sunahara,Cleveland Browns,0,0,0
Chazz Surratt,New York Jets,0,0,0
Pat Surtain II,Denver Broncos,0,0,0
Courtland Sutton,Denver Broncos,0,0,0
Geoff Swaim,Cleveland Browns,0,0,0
Josh Sweat,Philadelphia Eagles,0,0,0
T'Vondre Sweat,Tennessee Titans,0,0,0
Taki Taimani,Minnesota Vikings,0,0,0
Sione Takitaki,New England Patriots,0,0,0
T.J. Tampa,Baltimore Ravens,0,0,0
Teair Tart,Los Angeles Chargers,0,1,0
Jahlani Tavai,New England Patriots,0,0,0
Ja'Sir Taylor,Los Angeles Chargers,0,1,0
Jawaan Taylor,Kansas City Chiefs,0,0,0
Patrick Taylor,San Francisco 49ers,0,0,0
Cam Taylor-Britt,Cincinnati Bengals,0,0,0
Leonard Taylor III,New York Jets,0,0,0
Dadrion Taylor-Demerson,Arizona Cardinals,0,0,0
A.J. Terrell,Atlanta Falcons,0,0,0
Kayvon Thibodeaux,New York Giants,0,0,0
Adam Thielen,Carolina Panthers,0,0,0
Daniel Thomas,Jacksonville Jaguars,0,1,0
Drake Thomas,Seattle Seahawks,0,0,0
Isaiah Thomas,Detroit Lions,0,1,0
Rodney Thomas,Indianapolis Colts,0,0,0
Tavierre Thomas,Tampa Bay Buccaneers,0,0,0
Xavier Thomas,Arizona Cardinals,0,0,0
Brian Thomas Jr.,Jacksonville Jaguars,0,0,0
Juan Thornhill,Cleveland Browns,0,0,0
Jalen Thompson,Arizona Cardinals,0,1,0
Joe Thuney,Kansas City Chiefs,0,0,0
Nick Thurman,Carolina Panthers,0,0,0
Jerry Tillery,Minnesota Vikings,0,0,0
Dondrea Tillman,Denver Broncos,0,0,0
Dalvin Tomlinson,Cleveland Browns,0,0,0
Khyiris Tonga,Arizona Cardinals,0,0,0
Jake Tonges,San Francisco 49ers,0,0,0
Casey Toohill,Buffalo Bills,0,1,0
Henry To'oTo'o,Houston Texans,0,0,0
Drue Tranquill,Kansas City Chiefs,0,1,0
Brycen Tremayne,Washington Commanders,0,0,0
Cory Trice Jr.,Pittsburgh Steelers,0,0,0
Jeremiah Trotter Jr.,Philadelphia Eagles,0,0,0
Sean Tucker,Tampa Bay Buccaneers,0,0,0
Tre Tucker,Las Vegas Raiders,0,0,0
Jay Tufele,Cincinnati Bengals,0,0,0
Josh Tupou,Baltimore Ravens,0,0,0
Dallas Turner,Minnesota Vikings,0,0,0
DJ Turner,Las Vegas Raiders,0,0,0
DJ Turner II,Cincinnati Bengals,0,0,0
KaVontae Turpin,Dallas Cowboys,0,0,0
Joshua Uche,Kansas City Chiefs,0,0,0
Isaac Ukwu,Detroit Lions,0,0,0
Brent Urban,Baltimore Ravens,0,0,0
Eyioma Uwazurike,Denver Broncos,0,0,0
Carrington Valentine,Green Bay Packers,0,0,0
Lukas Van Ness,Green Bay Packers,0,1,0
Ben VanSumeren,Philadelphia Eagles,0,0,0
Vita Vea,Tampa Bay Buccaneers,0,0,0
Kendal Vickers,New Orleans Saints,0,0,0
Nick Vigil,Dallas Cowboys,0,0,0
Kindle Vildor,Detroit Lions,0,0,0
Jaylen Waddle,Miami Dolphins,0,0,0
Anthony Walker,Miami Dolphins,0,0,0
DeMarcus Walker,Chicago Bears,0,0,0
Devontez Walker,Baltimore Ravens,0,0,0
Mykal Walker,Washington Commanders,0,0,0
Quay Walker,Green Bay Packers,0,0,0
Kenneth Walker III,Seattle Seahawks,0,0,0
Josh Wallace,Los Angeles Rams,0,0,0
Levi Wallace,Denver Broncos,0,0,0
Tylan Wallace,Baltimore Ravens,0,0,0
Charvarius Ward,San Francisco 49ers,0,0,0
Denzel Ward,Cleveland Browns,0,0,0
Jay Ward,Minnesota Vikings,0,0,0
Jihad Ward,Minnesota Vikings,0,1,0
Jimmie Ward,Houston Texans,0,0,0
Jonathan Ward,Pittsburgh Steelers,0,0,0
Ar'Darius Washington,Baltimore Ravens,0,0,0
Broderick Washington,Baltimore Ravens,0,0,0
Malik Washington,Miami Dolphins,0,0,0
Carlos Watkins,Dallas Cowboys,0,0,0
Christian Watson,Green Bay Packers,0,0,0
Jaylen Watson,Kansas City Chiefs,0,0,0
Armon Watts,New York Giants,0,0,0
Nathaniel Watson,Cleveland Browns,0,0,0
Luke Wattenberg,Denver Broncos,0,0,0
Eric Watts,New York Jets,0,0,0
Sam Webb,Las Vegas Raiders,0,0,0
Kristian Welch,Baltimore Ravens,0,0,0
Pete Werner,New Orleans Saints,0,0,0
Nick Westbrook-Ikhine,Tennessee Titans,0,0,0
Tyrus Wheat,Dallas Cowboys,0,0,0
Cody White,Seattle Seahawks,0,0,0
Kyzir White,Arizona Cardinals,0,0,0
Rachaad White,Tampa Bay Buccaneers,0,0,0
Devin White,Philadelphia Eagles,0,0,0
Tre'Davious White,Los Angeles Rams,0,0,0
Jordan Whitehead,Tampa Bay Buccaneers,0,0,0
Jordan Whittington,Los Angeles Rams,0,0,0
Josh Whyle,Tennessee Titans,0,0,0
Dontayvion Wicks,Green Bay Packers,0,0,0
Mike Williams,New York Jets,0,0,0
Christian Wilkins,Las Vegas Raiders,0,0,0
Quinnen Williams,New York Jets,0,0,0
Donovan Wilson,Dallas Cowboys,0,1,0
Avery Williams,Atlanta Falcons,0,0,0
Chris Williams,Chicago Bears,0,0,0
Connor Williams,Seattle Seahawks,0,0,0
Darious Williams,Los Angeles Rams,0,0,0
Dee Williams,Seattle Seahawks,0,0,0
DeShawn Williams,Carolina Panthers,0,0,0
Garrett Williams,Arizona Cardinals,0,0,0
James Williams,Tennessee Titans,0,0,0
Jameson Williams,Detroit Lions,0,0,0
Jonah Williams,Arizona Cardinals,0,0,0
Joshua Williams,Kansas City Chiefs,0,0,0
Kyren Williams,Los Angeles Rams,0,0,0
Leonard Williams,Seattle Seahawks,0,0,0
Marcus Williams,Baltimore Ravens,0,1,0
Milton Williams,Philadelphia Eagles,0,0,0
Rod Williams,Pittsburgh Steelers,0,0,0
Jedrick Wills,Cleveland Browns,0,0,0
Cedrick Wilson Jr.,New Orleans Saints,0,0,0
Garrett Wilson,New York Jets,0,0,0
Mack Wilson,Arizona Cardinals,0,1,0
Marco Wilson,New England Patriots,0,0,0
Payton Wilson,Pittsburgh Steelers,0,0,0
Tyree Wilson,Las Vegas Raiders,0,0,0
James Winchester,Kansas City Chiefs,0,0,0
Jacoby Windmon,Carolina Panthers,0,0,0
Antoine Winfield Jr.,Tampa Bay Buccaneers,0,1,1
Mekhi Wingo,Detroit Lions,0,0,0
Dee Winters,San Francisco 49ers,0,0,0
Tristan Wirfs,Tampa Bay Buccaneers,0,0,0
Deatrich Wise,New England Patriots,0,0,0
Mitch Wishnowsky,San Francisco 49ers,0,0,0
Ahkello Witherspoon,Los Angeles Rams,0,0,0
Charlie Woerner,Atlanta Falcons,0,0,0
Samuel Womack,Indianapolis Colts,0,0,0
Zach Wood,New Orleans Saints,0,0,0
Colby Wooden,Green Bay Packers,0,0,0
Charles Woods,Los Angeles Rams,0,0,0
Xavier Woods,Carolina Panthers,0,0,0
Riq Woolen,Seattle Seahawks,0,0,0
Chandler Wooten,Carolina Panthers,0,0,0
Chris Wormley,Baltimore Ravens,0,0,0
Xavier Worthy,Kansas City Chiefs,0,0,0
Alex Wright,Cleveland Browns,0,0,0
Matthew Wright,San Francisco 49ers,0,0,0
Devonte Wyatt,Green Bay Packers,0,2,0
Oshane Ximines,New England Patriots,0,0,0
Colson Yankoff,Washington Commanders,0,0,0
Rock Ya-Sin,San Francisco 49ers,0,0,0
Kenny Yeboah,New York Jets,0,0,0
Chase Young,New Orleans Saints,0,0,0
Dareke Young,Seattle Seahawks,0,0,0
Shane Zylstra,Detroit Lions,0,0,0
