Player,Comb,Asst,Solo,Sck
Zaire Franklin,95,47,35,0.0
Budda Baker,91,33,54,0.0
Logan Wilson,88,42,39,0.0
Nick Cross,86,33,42,0.0
Robert Spillane,86,34,41,1.0
Roquan Smith,85,38,41,0.0
Dorian Williams,84,32,41,0.0
E.J. Speed,82,24,50,0.0
Germaine Pratt,81,34,40,0.0
Jamien Sherwood,80,30,42,2.0
Zack Baun,79,27,46,2.0
Kaden Elliss,78,33,36,1.0
Bobby Wagner,76,32,39,2.0
Tyrel Dodson,71,30,33,2.0
Eric Kendricks,70,37,27,2.0
Daiyan Henley,68,25,33,0.0
Ernest Jones,68,26,32,0.0
Kyle Hamilton,67,19,41,2.0
Kyzir White,67,40,20,0.5
Fred Warner,66,26,33,1.0
Brandon Jones,65,23,40,0.0
Julian Love,65,18,41,0.0
Tre'von Moehrig,65,22,36,0.5
Christian Rozeboom,65,32,31,0.0
Lavonte David,64,24,33,3.0
Bobby Okereke,64,31,29,2.0
Quay Walker,64,18,34,1.5
Quincy Williams,64,18,43,0.0
Jordyn Brooks,62,27,29,1.0
Jack Campbell,62,30,27,1.0
Quentin Lake,62,22,33,2.0
Ventrell Miller,62,20,38,0.0
Jeremiah Owusu-Koramoah,61,22,33,3.0
Xavier Woods,61,24,33,0.0
Nakobe Dean,60,23,32,2.0
T.J. Edwards,60,25,29,1.0
Jaylon Jones,59,19,32,0.0
Jahlani Tavai,59,29,26,0.0
Jordan Whitehead,59,23,31,0.0
K.J. Britt,58,28,26,0.5
DeShon Elliott,58,20,31,0.0
Devin Lloyd,58,26,30,1.0
Micah McFadden,58,25,23,2.0
Damar Hamlin,57,15,33,0.0
Tyler Nubin,57,22,29,0.0
Jessie Bates,56,21,32,0.0
Julian Blackmon,56,15,32,0.5
Nick Bolton,56,18,35,0.0
Demario Davis,56,26,27,1.0
DeMarvion Overshown,56,21,32,2.0
Jalen Thompson,56,20,27,0.0
Cody Barton,55,30,21,1.0
Isaiah McDuffie,55,28,24,0.5
Riley Moss,55,16,36,0.0
Patrick Queen,55,28,22,0.0
Jeremy Chinn,54,19,28,0.0
Frankie Luvu,54,27,24,4.0
Grant Delpit,53,17,31,0.0
Dee Alford,53,11,38,1.0
"Kenneth Murray, Jr.",53,21,28,2.0
Paulson Adebo,52,9,41,0.0
Javon Bullard,51,17,31,0.0
Kevin Byard,51,20,27,1.0
Trenton Simpson,51,23,23,1.5
Devon Witherspoon,51,17,27,0.0
Ivan Pace Jr.,50,22,25,2.0
Henry To'oTo'o,50,24,23,1.0
Montaric Brown,49,13,33,0.0
Tremaine Edmunds,49,17,24,1.0
Jalen Pitre,49,12,33,0.0
Harrison Smith,49,20,24,1.0
Alontae Taylor,49,14,34,4.0
A.J. Terrell,49,10,37,0.0
Mack Wilson,49,20,26,1.0
Tony Adams,48,23,20,1.0
Camryn Bynum,48,21,22,0.0
Minkah Fitzpatrick,47,13,29,0.0
Quan Martin,47,15,27,0.0
Denzel Perryman,47,13,25,1.0
Alex Anzalone,46,13,28,1.0
Reed Blankenship,46,15,27,0.0
Mike Jackson,46,11,28,0.0
Josey Jewell,46,22,19,0.0
Deommodore Lenoir,46,16,25,0.0
Josh Metellus,46,18,23,0.0
Troy Reeder,46,20,16,0.0
Geno Stone,46,21,22,0.0
De'Vondre Campbell,45,20,20,0.0
Mike Hughes,45,7,34,0.0
Derwin James,45,16,26,1.0
Cam Lewis,45,15,24,0.0
Zyon McCollum,45,18,26,0.0
Raekwon McMillan,45,20,18,0.0
Cam Taylor-Britt,45,13,29,0.0
Drue Tranquill,45,18,20,1.5
Troy Andersen,44,18,21,0.0
Vonn Bell,44,26,14,0.0
Edgerrin Cooper,44,18,20,2.5
Kam Curl,44,13,27,0.0
Martin Emerson,44,10,31,0.0
Anfernee Jennings,44,17,24,0.5
Mike Sainristil,44,9,29,0.0
Carlton Davis,43,10,32,0.0
Jamel Dean,43,10,31,0.0
Nate Hobbs,43,15,22,0.0
Antonio Johnson,43,12,25,0.0
Kerby Joseph,43,14,26,0.0
Jason Pinnock,43,15,26,3.0
Taylor Rapp,43,20,19,0.0
Justin Reid,43,13,28,0.0
Trevin Wallace,43,16,23,0.0
Donovan Wilson,43,23,17,1.0
Ji'Ayir Brown,42,13,25,0.0
Quandre Diggs,42,7,29,0.0
Xavier McKinney,42,16,22,1.0
Keisean Nixon,42,12,26,2.0
Tykee Smith,42,12,27,0.0
Brandon Stephens,42,6,35,0.0
Tyrique Stevenson,42,14,25,0.0
Benjamin St-Juste,42,8,31,0.0
Andre Cisco,41,16,25,0.0
Kenny Moore II,41,15,20,0.5
Azeez Al-Shaair,40,12,21,1.0
Terrel Bernard,40,11,21,0.0
Brian Branch,40,8,29,0.0
Jaquan Brisker,40,17,20,1.0
Blake Cashman,40,20,15,1.0
Christian Gonzalez,40,7,29,0.0
Amani Hooker,40,13,25,0.0
Christian Izien,40,12,24,0.0
Ja'Quan McMillian,40,8,28,1.0
Jordan Poyer,40,17,22,0.0
Justin Strnad,40,11,21,3.0
Antoine Winfield Jr.,40,20,19,1.0
Bryan Cook,39,8,30,0.0
Byron Murphy,39,6,28,0.0
Foye Oluokun,39,15,19,1.0
Andru Phillips,39,16,18,1.0
Payton Wilson,39,16,19,0.0
Devin Bush,38,14,15,1.0
Alohi Gilman,38,14,17,1.0
Rayshawn Jenkins,38,12,25,0.0
David Long,38,12,18,0.0
Isaiah Pola-Mao,38,13,24,1.0
A'Shawn Robinson,38,16,17,2.0
Pete Werner,38,13,23,0.0
Keion White,38,16,19,4.0
Jerome Baker,37,16,18,1.0
Zaven Collins,37,15,19,3.0
Christian Elliss,37,19,17,1.5
P.J. Locke,37,11,20,1.0
Brian Burns,36,14,20,5.0
Ronald Darby,36,7,28,0.0
Rasul Douglas,36,9,23,0.0
Jaycee Horn,36,9,23,0.0
Jordan Howden,36,20,13,0.0
Sam Hubbard,36,13,21,2.0
Nate Landman,36,17,18,0.0
Harold Landry,36,18,16,5.0
Grover Stewart,36,20,11,2.5
Zach Allen,35,13,16,4.0
Christian Benford,35,7,26,0.0
Chamarri Conner,35,10,22,1.0
Jonathon Cooper,35,16,16,5.5
Kyle Dugger,35,9,23,1.0
Cordale Flott,35,11,22,0.0
Shaq Thompson,35,16,18,0.0
Tyrann Mathieu,35,8,26,0.0
Andrew Van Ginkel,35,9,21,5.0
Charvarius Ward,35,9,20,0.0
Deonte Banks,34,9,22,0.0
Adam Butler,34,13,16,0.0
Carl Granderson,34,13,17,3.5
Malik Hooker,34,11,20,0.0
Marlon Humphrey,34,6,26,0.0
Jack Jones,34,8,25,0.0
Dexter Lawrence,34,14,17,9.0
Max Melton,34,7,25,0.0
Elijah Molden,34,16,14,0.0
Baylon Spector,34,13,16,1.0
Kobie Turner,34,17,10,4.0
C.J. Gardner-Johnson,33,13,17,0.0
Davon Godchaux,33,18,10,0.0
Kyler Gordon,33,13,15,0.5
Neville Hewitt,33,16,15,0.0
Cameron Heyward,33,15,13,3.0
Rakeem Nunez-Roches,33,24,6,1.0
Joey Porter Jr.,33,11,21,0.0
Greg Rousseau,33,10,18,4.5
Jared Verse,33,13,19,3.5
Travon Walker,33,16,17,6.5
T.J. Watt,33,9,21,6.5
Terrion Arnold,32,4,26,0.0
Chuck Clark,32,15,15,1.0
Stephon Gilmore,32,9,22,0.0
Troy Hill,32,12,17,0.0
Mike Hilton,32,8,17,0.0
Jourdan Lewis,32,13,19,0.0
Eric Murray,32,10,21,1.0
Justin Simmons,32,14,16,0.0
Derek Stingley Jr.,32,8,23,0.0
Jaylen Watson,32,11,19,0.0
Eric Wilson,32,11,16,2.0
Jarvis Brownlee Jr.,31,7,21,0.0
Trevon Diggs,31,7,21,0.0
Jonathan Jones,31,8,22,0.0
Alex Singleton,31,14,11,0.0
Byron Young,31,14,16,4.0
Percy Butler,30,13,16,0.0
Divine Deablo,30,11,14,1.0
Daniel Ekuale,30,15,12,1.0
Sauce Gardner,30,9,15,1.0
Eddie Jackson,30,12,17,0.0
Grady Jarrett,30,11,15,2.5
Marcus Jones,30,6,22,0.0
Marshon Lattimore,30,8,20,0.0
Marcus Maye,30,17,10,0.0
Malik Mustapha,30,17,11,0.0
Vita Vea,30,10,15,5.0
Leo Chenal,29,7,18,1.0
Maxx Crosby,29,12,15,6.5
Jack Gibbens,29,16,12,0.5
Noah Igbinoghene,29,8,19,0.0
Jalen Ramsey,29,12,14,0.0
D.J. Reed,29,6,20,1.0
Nick Bosa,28,9,16,4.5
Coby Bryant,28,9,16,0.0
Calais Campbell,28,5,18,2.0
Kendall Fuller,28,9,17,0.0
Chauncey Golston,28,17,11,2.0
Jaylinn Hawkins,28,10,12,0.0
Taron Johnson,28,13,14,0.0
Kamari Lassiter,28,7,17,0.0
Trent McDuffie,28,11,16,0.0
Quinyon Mitchell,28,6,21,0.0
Chad Muma,28,17,9,0.0
Harrison Phillips,28,17,9,2.0
Nick Scott,28,13,14,0.0
Starling Thomas V,28,7,17,0.0
DeMarcus Walker,28,14,9,1.5
Evan Williams,28,10,17,0.0
Marcus Williams,28,6,16,0.0
Will Anderson Jr.,27,7,16,7.5
Calen Bullock,27,9,18,0.0
Matthew Judon,27,14,12,1.5
Rodney McLeod Jr.,27,6,17,0.0
Jarran Reed,27,15,10,2.0
Darius Slay,27,5,19,0.0
Anthony Walker,27,15,10,0.0
Garrett Williams,27,7,17,0.0
Jakorian Bennett,26,11,14,0.0
Mohamoud Diabate,26,13,8,0.0
Yaya Diaby,26,8,15,2.0
Braden Fiske,26,15,8,3.0
Shelby Harris,26,15,8,1.5
Jevon Holland,26,8,17,0.0
Khalil Mack,26,14,10,4.5
Marte Mapu,26,15,10,0.5
Azeez Ojulari,26,14,12,6.0
Malcolm Rodriguez,26,10,15,2.0
Jeffery Simmons,26,11,13,3.0
Dante Stills,26,16,8,3.5
Eric Stokes,26,7,16,0.0
Shy Tuttle,26,14,12,0.0
Josh Hines-Allen,25,11,9,5.0
Krys Barnes,25,9,14,2.0
Beanie Bishop Jr.,25,5,18,0.5
Bobby Brown III,25,20,5,0.0
Damone Clark,25,10,12,0.5
Derick Hall,25,10,14,5.0
DaVon Hamilton,25,13,11,0.0
Trey Hendrickson,25,4,17,11.0
Elijah Hicks,25,10,12,0.0
Daxton Hill,25,5,16,1.0
Michael Hoecht,25,14,7,3.0
John Jenkins,25,19,3,1.0
DJ Johnson,25,16,8,0.5
Isaiah Oliver,25,7,17,1.0
Charles Snowden,25,15,8,1.5
DJ Turner II,25,3,21,0.0
Sean Murphy-Bunting,24,12,9,0.0
Gervon Dexter Sr.,24,11,10,4.0
Leonard Floyd,24,14,7,3.0
Rashan Gary,24,12,9,2.5
Jordan Hicks,24,10,9,1.0
Donte Jackson,24,8,15,0.0
Javon Kinlaw,24,7,14,1.5
Anfernee Orji,24,9,12,0.0
Demani Richardson,24,8,15,0.0
Amik Robertson,24,3,21,0.0
James Smith-Williams,24,12,9,1.0
Grant Stuard,24,9,8,0.0
Jadeveon Clowney,23,12,9,1.0
Cobie Durant,23,8,13,1.0
Arnold Ebiketie,23,8,12,1.0
Myles Garrett,23,2,17,7.0
Jonathan Greenard,23,6,15,7.0
B.J. Hill,23,13,8,0.0
Tyrice Knight,23,8,13,0.0
Boye Mafe,23,8,12,4.0
Osa Odighizuwa,23,11,11,0.5
David Onyemata,23,12,10,1.0
Odafe Oweh,23,8,14,4.5
Jabrill Peppers,23,12,10,0.0
LaBryan Ray,23,12,9,1.0
Malcolm Roach,23,11,9,0.5
Nathan Shepherd,23,13,9,0.5
Za'Darius Smith,23,8,13,5.0
L'Jarius Sneed,23,4,18,0.0
T'Vondre Sweat,23,12,7,0.0
Tuli Tuipulotu,23,9,13,3.5
Nik Bonitto,22,8,11,6.0
Caelen Carson,22,2,19,0.0
SirVocea Dennis,22,8,13,1.0
John Franklin-Myers,22,11,10,4.0
Dennis Gardeck,22,5,12,3.0
Da'Shawn Hand,22,7,12,1.0
Johnathan Hankins,22,11,9,0.0
Patrick Jones II,22,11,9,5.0
George Karlaftis,22,10,9,4.0
Jeremiah Ledbetter,22,9,11,1.0
Jalen Mills,22,12,9,0.0
Emmanuel Ogbah,22,7,12,2.0
Larry Ogunjobi,22,12,8,1.5
Chau Smith-Wade,22,10,10,0.0
Ar'Darius Washington,22,5,17,1.0
Quinnen Williams,22,6,12,5.0
Jaylon Carlies,21,7,9,1.0
Akeem Davis-Gaither,21,13,8,0.0
Brandin Echols,21,7,11,0.0
Foley Fatukasi,21,7,11,1.0
Cam Hart,21,7,14,0.5
Jaylon Johnson,21,4,15,0.0
Sebastian Joseph-Day,21,12,7,2.5
Roger McCreary,21,3,14,1.0
Kyle Van Noy,21,6,13,7.0
Leonard Williams,21,10,9,2.5
Jonathan Bullard,20,10,6,0.0
Kenny Clark,20,9,6,0.0
Dante Fowler Jr.,20,7,12,6.5
Willie Gay Jr.,20,5,13,1.0
Charles Harris,20,6,13,3.0
Danielle Hunter,20,8,8,5.5
D.J. Jones,20,9,8,0.0
Travis Jones,20,6,11,1.0
Byron Murphy II,20,12,4,0.5
Greg Newsome II,20,1,16,0.0
Jer'Zhan Newton,20,10,9,1.0
Amani Oruwariye,20,3,17,0.0
Owen Pappoe,20,6,10,0.0
Dell Pettus,20,11,8,0.0
Elandon Roberts,20,7,10,1.0
Juan Thornhill,20,6,13,0.0
Lukas Van Ness,20,6,10,1.0
Deatrich Wise,20,8,11,3.0
Tre Brown,19,2,15,0.0
Maliek Collins,19,9,10,3.0
DJ Davidson,19,10,6,2.0
Kingsley Enagbare,19,12,6,1.5
Marcus Epps,19,3,14,0.0
Alex Highsmith,19,8,8,3.0
Aidan Hutchinson,19,7,12,7.5
Arden Key,19,6,10,4.0
Anthony Nelson,19,8,10,2.0
Joseph Ossai,19,11,8,0.0
Nolan Smith,19,10,8,2.5
Preston Smith,19,13,6,2.5
Tarheeb Still,19,6,13,0.5
Josh Sweat,19,7,10,5.0
Nick Thurman,19,13,5,0.0
Johnathan Abram,18,8,10,0.0
Dorance Armstrong,18,11,7,3.0
Jalen Carter,18,10,8,3.0
Mario Edwards,18,10,7,2.0
Jonah Elliss,18,8,7,2.0
A.J. Epenesa,18,6,12,4.0
Dre'Mont Jones,18,7,8,3.0
Devon Key,18,10,8,1.0
Kool-Aid McKinstry,18,4,13,0.0
Levi Onwuzurike,18,9,8,1.5
Daron Payne,18,6,12,1.5
Darnell Savage,18,4,12,0.0
Zach Sieler,18,9,9,2.0
Riq Woolen,18,6,10,0.0
Isaac Yiadom,18,2,16,0.0
Chase Young,18,7,8,2.0
Darrell Baker Jr.,17,1,15,0.0
Micheal Clemons,17,8,8,4.5
Malik Harrison,17,12,5,1.0
Ronnie Hickman Jr.,17,1,16,0.0
Josh Jobe,17,6,10,0.0
Chris Jones,17,8,9,3.0
Kamren Kinchens,17,7,9,0.0
Kader Kohou,17,4,11,0.0
Tyquan Lewis,17,7,6,1.5
Roy Lopez,17,10,6,1.0
Luke Masterson,17,7,9,0.0
Isaiah McGuire,17,8,6,0.5
C.J. Mosley,17,4,13,0.0
Dayo Odeyingbo,17,8,7,3.0
Otito Ogbonnia,17,11,3,0.0
Kwity Paye,17,5,8,2.5
Sheldon Rankins,17,8,6,1.0
Roy Robertson-Harris,17,7,9,2.0
Jack Sanborn,17,8,6,1.0
Tedarrell Slaton,17,11,3,0.0
Pat Surtain II,17,7,10,0.0
Darrell Taylor,17,5,8,2.0
Jimmie Ward,17,4,10,0.0
Christian Wilkins,17,6,8,2.0
Jaire Alexander,16,1,15,0.0
Felix Anudike-Uzomah,16,6,8,1.5
Jordan Battle,16,5,9,0.0
Nick Bellore,16,7,8,0.0
Keeanu Benton,16,7,8,0.0
Cole Bishop,16,9,7,0.0
DeForest Buckner,16,5,9,3.5
Claudin Cherelus,16,10,5,0.0
L.J. Collier,16,12,3,0.5
Cooper DeJean,16,3,13,0.5
Poona Ford,16,8,7,1.0
Kristian Fulton,16,4,9,0.0
Neville Gallimore,16,11,2,0.0
Jake Hansen,16,6,8,1.0
Will Harris,16,4,9,0.0
Jarrian Jones,16,4,10,0.0
Nnamdi Madubuike,16,6,7,2.0
Will McDonald IV,16,4,10,8.0
Jaquelin Roy,16,5,7,2.0
Tim Settle,16,1,15,4.0
Mazi Smith,16,5,11,0.0
Solomon Thomas,16,8,7,2.5
Jerry Tillery,16,10,4,0.0
Denzel Ward,16,2,11,0.0
Jonathan Allen,15,2,11,2.0
Austin Booker,15,4,10,1.0
Lorenzo Carter,15,4,10,0.0
Ashtyn Davis,15,3,11,0.0
Morgan Fox,15,3,10,3.5
Jordan Fuller,15,7,7,0.0
J.T. Gray,15,6,8,0.0
Renardo Green,15,7,8,0.0
Jaylon Jones,15,2,9,0.0
Marist Liufau,15,4,9,0.0
Michael Pierce,15,10,4,1.0
Khalen Saunders,15,7,8,1.0
Montez Sweat,15,5,7,3.5
Dalvin Tomlinson,15,7,6,3.0
Khyiris Tonga,15,11,3,0.0
Joe Tryon-Shoyinka,15,8,6,1.0
Joshua Uche,15,3,11,2.0
K'Von Wallace,15,6,8,0.0
Levi Wallace,15,3,10,0.0
Tershawn Wharton,15,7,6,2.5
Yasir Abdullah,14,2,10,0.0
Arik Armstead,14,3,10,1.0
Dane Belton,14,5,8,0.0
Mike Brown,14,8,6,0.0
Taven Bryan,14,4,7,1.0
Tyson Campbell,14,4,10,0.0
Michael Carter II,14,3,8,0.0
Junior Colson,14,7,6,0.0
Michael Danna,14,6,6,0.5
Shaquill Griffin,14,5,7,0.0
Logan Hall,14,6,6,3.0
Kris Jenkins,14,9,4,1.0
Nazeeh Johnson,14,8,6,0.0
Naquan Jones,14,8,5,2.0
Laiatu Latu,14,5,9,2.0
Demarcus Lawrence,14,7,5,3.0
Avonte Maddox,14,8,5,0.0
Nick McCloud,14,4,9,0.0
Jaylen McCollough,14,5,8,0.0
George Odum,14,2,12,0.0
Micah Parsons,14,3,8,1.0
Clark Phillips III,14,2,12,0.0
Winston Reid,14,6,7,0.5
Tavius Robinson,14,8,5,3.5
Chazz Surratt,14,4,9,0.0
Ja'Sir Taylor,14,4,8,0.0
Nate Wiggins,14,5,8,0.0
Darious Williams,14,2,9,0.0
Samuel Womack,14,3,11,0.0
Andrew Billings,13,4,6,1.0
Bryan Bresee,13,3,10,4.0
K'Lavon Chaisson,13,5,6,1.0
Jamin Davis,13,5,8,0.0
Brandon Joseph,13,2,11,0.0
Ogbo Okoronkwo,13,3,5,2.0
Ed Oliver,13,6,7,1.0
D'Angelo Ross,13,3,10,0.0
Asante Samuel Jr.,13,2,11,0.0
Mykal Walker,13,9,3,0.0
Ja'Whaun Bentley,12,5,6,0.5
Thomas Booker,12,6,5,0.5
Karl Brooks,12,6,5,1.5
Jordan Davis,12,5,6,1.0
Bud Dupree,12,3,9,3.0
Clelin Ferrell,12,5,5,2.0
Brandon Graham,12,3,7,1.0
Josh Hayes,12,5,7,0.0
D'Marco Jackson,12,5,5,0.0
DaQuan Jones,12,4,7,2.0
Calijah Kancey,12,2,10,3.0
Tyler Lacy,12,8,4,0.0
Phidarian Mathis,12,7,4,0.0
Alim McNeill,12,4,7,2.5
Sam Okuayinonu,12,3,9,3.0
Dawuane Smoot,12,4,7,1.5
Kayvon Thibodeaux,12,4,4,2.0
Brent Urban,12,5,6,0.0
Tyrus Wheat,12,7,4,0.5
Tre'Davious White,12,3,9,0.0
Devonte Wyatt,12,3,7,3.0
Derek Barnett,11,5,6,2.0
D'Anthony Bell,11,5,5,0.0
Chris Braswell,11,6,5,0.5
C.J. Brewer,11,5,6,2.0
Tyler Davis,11,7,2,0.5
Storm Duck,11,3,7,0.0
Isaiah Foskey,11,8,2,0.0
Tyrek Funderburk,11,3,8,0.0
Ta'Quon Graham,11,6,3,0.0
Kamu Grugier-Hill,11,4,6,0.0
Linval Joseph,11,5,6,1.0
Chris Lammons,11,2,5,1.0
Darius Muasau,11,4,7,0.0
Myles Murphy,11,4,6,0.0
Trevor Nowaske,11,4,6,2.0
Jalen Reeves-Maybin,11,4,6,0.0
Chop Robinson,11,5,4,1.0
J.J. Russell,11,5,6,0.0
Teair Tart,11,7,4,0.0
Leonard Taylor III,11,6,4,1.5
Casey Toohill,11,4,5,1.0
Dee Winters,11,5,6,0.0
Derrick Barnes,10,2,4,0.0
JD Bertrand,10,3,5,0.0
Troy Dye,10,2,7,0.5
Tommy Eichenberg,10,3,6,0.0
AJ Finley,10,4,6,0.0
Demetrius Flannigan-Fowles,10,4,3,0.0
Kevin Givens,10,5,4,3.5
Zach Harrison,10,8,1,0.0
Jordan Jackson,10,9,1,0.0
Austin Johnson,10,5,4,0.0
Cameron Jordan,10,6,4,0.0
Marshawn Kneeland,10,3,6,0.0
Jesse Luketa,10,3,6,1.0
Bilal Nichols,10,4,4,0.0
Jeremiah Pharms,10,6,4,0.0
Isaiah Rodgers,10,4,5,0.0
Christian Roland-Wallace,10,2,8,0.0
Jay Tufele,10,6,3,0.5
Broderick Washington,10,7,3,0.0
Chris Williams,10,1,7,2.0
Milton Williams,10,5,3,2.0
Marco Wilson,10,4,6,0.0
Tyree Wilson,10,4,4,1.0
Ahkello Witherspoon,10,2,7,0.0
Robert Beal Jr.,9,3,4,0.0
Joey Bosa,9,2,7,2.0
DeWayne Carter,9,1,7,0.0
Zachary Carter,9,5,2,0.5
Khalil Davis,9,3,4,1.0
Raekwon Davis,9,4,5,0.0
Kaiir Elam,9,2,7,0.0
Dallis Flowers,9,0,8,0.0
William Gholston,9,5,4,1.0
Luke Gifford,9,3,4,0.0
Maurice Hurst,9,3,3,0.5
Ja'Marcus Ingram,9,2,7,1.0
Benito Jones,9,8,1,0.0
Damontae Kazee,9,2,7,0.0
Carl Lawson,9,5,3,2.5
Takk McKinley,9,5,2,0.5
Jeremy McNichols,9,4,3,0.0
Cameron Mitchell,9,2,6,0.0
Joshua Paschal,9,1,7,1.0
Mike Pennel,9,5,4,2.0
D.J. Reader,9,4,5,1.0
Brady Russell,9,3,6,0.0
Isaiah Simmons,9,3,5,0.0
Drake Thomas,9,7,1,0.0
Payton Turner,9,3,5,1.0
Montravius Adams,8,3,3,1.0
Kwon Alexander,8,5,1,0.0
Ugo Amadi,8,0,7,1.0
Tycen Anderson,8,1,7,0.0
Quinton Bell,8,5,3,0.0
Josh Blackwell,8,1,7,0.0
Chris Board,8,2,5,0.0
Matthew Butler,8,4,2,0.0
Elijah Chatman,8,3,5,1.0
Jordan Elliott,8,1,7,0.0
Feleipe Franks,8,3,5,0.0
Adam Gotsis,8,4,4,0.0
Richie Grant,8,1,7,0.0
Nick Herbig,8,2,6,2.5
Malik Herring,8,3,3,0.0
Talanoa Hufanga,8,3,3,0.0
Bryce Huff,8,5,3,1.5
John Johnson,8,4,3,0.0
Jonah Laulu,8,7,1,0.0
Tristin McCollum,8,4,3,0.0
Amen Ogbongbemiga,8,4,4,1.0
Segun Olubi,8,4,3,0.0
John Ridgeway,8,4,2,0.0
Nesta Jade Silvera,8,6,1,0.0
Cam Smith,8,0,7,0.0
Dallas Turner,8,4,3,1.0
Kristian Welch,8,4,1,0.0
Joshua Williams,8,2,6,0.0
Colby Wooden,8,6,2,0.0
Alex Wright,8,3,4,1.0
Adetomiwa Adebawore,7,2,4,1.0
Jalyn Armour-Davis,7,2,4,0.0
Tyus Bowser,7,3,4,0.0
Julius Brents,7,4,2,0.0
Baron Browning,7,6,0,0.0
Victor Dimukeje,7,4,3,0.0
Khalil Dorsey,7,4,3,0.0
Terrell Edmunds,7,2,5,0.0
Emmanuel Forbes,7,5,2,0.0
Javon Hargrave,7,3,4,1.0
Jaylen Harrell,7,4,3,0.0
KhaDarel Hodge,7,3,3,0.0
Jalyn Holmes,7,4,3,1.0
Adoree' Jackson,7,1,6,0.0
Dane Jackson,7,3,4,0.0
Hunter Luepke,7,5,2,0.0
James Lynch,7,6,1,0.0
Ben Niemann,7,4,3,0.0
Nick Niemann,7,3,4,0.0
Maema Njongmeta,7,3,3,0.0
Julian Okwara,7,5,2,0.0
James Pierre,7,1,5,0.0
Jeremy Reaves,7,5,2,0.0
Brenden Schooler,7,1,6,0.0
Omar Speights,7,3,4,0.0
Dadrion Taylor-Demerson,7,2,4,0.0
Juanyeh Thomas,7,1,6,0.0
Rodney Thomas,7,2,5,0.0
Eyioma Uwazurike,7,6,1,0.0
DeShawn Williams,7,4,2,0.0
Chandler Wooten,7,3,4,0.0
Zayne Anderson,6,0,6,0.0
Andrew Booth,6,1,5,0.0
Elijah Campbell,6,1,3,0.0
Kei'Trel Clark,6,2,2,1.0
Byron Cowart,6,2,3,0.5
Sam Eguavoen,6,1,5,0.0
Tomon Fox,6,2,3,1.0
Greg Gaines,6,4,0,0.0
Daniel Hardy,6,1,4,0.0
Thomas Harper,6,1,4,0.0
Jaden Hicks,6,0,5,0.0
Darnay Holmes,6,4,2,0.0
Khaleke Hudson,6,2,3,0.0
Thomas Incoom,6,0,5,0.0
Quinton Jefferson,6,5,1,1.0
Isaiahh Loudermilk,6,1,3,0.0
DeAngelo Malone,6,1,5,0.0
Jacob Martin,6,3,3,1.0
Von Miller,6,1,5,3.0
Siran Neal,6,2,3,0.0
Jayden Peevy,6,4,2,1.5
Jaelan Phillips,6,4,2,1.0
Nehemiah Pritchett,6,2,4,0.0
Ennis Rakestraw Jr.,6,2,4,0.0
Jon Rhattigan,6,3,2,0.0
Duke Riley,6,3,3,0.0
Kelee Ringo,6,2,4,0.0
Keidron Smith,6,2,3,0.0
Dondrea Tillman,6,1,3,2.0
Carrington Valentine,6,5,1,0.0
Nick Vigil,6,3,2,0.0
Nathaniel Watson,6,2,3,0.0
Eric Watts,6,4,2,0.0
Cedrick Wilson Jr.,6,4,2,0.0
Evan Anderson,5,4,1,1.0
Eli Ankou,5,4,0,0.0
Markquese Bell,5,0,5,0.0
Christian Braswell,5,4,1,0.0
Tony Brown,5,3,2,0.0
Myles Bryant,5,1,4,0.0
Michael Burton,5,4,0,0.0
Irvin Charles,5,2,3,0.0
Sheldon Day,5,1,3,0.0
Mike Ford,5,1,4,0.0
Darrick Forrest,5,3,2,0.0
Cam Gill,5,4,1,0.0
Mike Hall Jr.,5,3,1,0.0
Antonio Hamilton,5,2,3,0.0
Marquis Haynes,5,1,3,0.0
Ty'Ron Hopper,5,2,2,0.0
James Houston,5,2,2,0.0
Theo Jackson,5,1,4,0.0
Javontae Jean-Baptiste,5,2,3,1.0
Jordan Jefferson,5,3,2,1.0
Buddy Johnson,5,3,2,0.0
Caleb Johnson,5,1,3,0.0
Eric Johnson,5,4,1,0.0
Sam Kamara,5,2,1,0.0
Sanoussi Kane,5,2,3,0.0
Kevin King,5,3,2,0.0
Eku Leota,5,0,3,1.0
Scott Matlock,5,3,2,1.0
Braiden McGregor,5,2,3,0.0
Jeremiah Moon,5,2,3,0.0
Mike Morris,5,2,3,0.0
Yannick Ngakoue,5,4,1,1.5
David Ojabo,5,2,2,1.0
Ruke Orhorhoro,5,3,0,0.0
Josh Ross,5,2,3,0.0
Laviska Shenault Jr.,5,0,5,0.0
Will Shipley,5,0,3,0.0
JL Skinner,5,1,4,0.0
Maason Smith,5,1,3,1.0
Javon Solomon,5,0,5,2.0
Ty Summers,5,1,2,0.0
Tavierre Thomas,5,1,3,0.0
Xavier Thomas,5,2,1,1.5
Jeremiah Trotter Jr.,5,3,2,0.0
Mekhi Wingo,5,4,1,0.0
Ameer Abdullah,4,2,2,0.0
Jamal Adams,4,2,2,0.0
Nate Adkins,4,3,0,0.0
Tyler Allgeier,4,0,4,0.0
Joe Andreessen,4,2,2,0.0
Chidobe Awuzie,4,1,2,0.0
Corey Ballentine,4,0,3,0.0
Jacob Bobenmoyer,4,1,2,0.0
Jalen Brooks,4,1,3,0.0
Amari Burney,4,2,2,0.0
Joe Cardona,4,1,3,0.0
DeeJay Dallas,4,2,2,0.0
Michael Davis,4,4,0,0.0
Marcellas Dial Jr.,4,2,2,0.0
Ashton Dulin,4,0,4,0.0
Eddie Goldman,4,1,2,0.0
Kylen Granson,4,0,4,0.0
Hassan Haskins,4,3,1,0.0
Tre Hawkins III,4,0,4,0.0
Connor Heyward,4,2,2,0.0
McKinnley Jackson,4,2,2,0.0
Desjuan Johnson,4,3,1,0.0
Jermaine Johnson II,4,0,3,0.0
Justin Jones,4,1,1,0.0
Casey Kreiter,4,1,2,0.0
DeMarvin Leal,4,2,1,0.0
Deane Leonard,4,1,3,0.0
Arthur Maulet,4,1,3,0.0
Pat O'Connor,4,4,0,0.0
Dare Ogunbowale,4,2,2,0.0
Moro Ojomo,4,2,2,0.0
Chig Okonkwo,4,1,3,0.0
Esezi Otomewo,4,4,0,0.5
Tyler Owens,4,2,0,0.0
Rico Payton,4,1,3,0.0
Del'Shawn Phillips,4,2,2,0.0
Adam Prentice,4,1,2,0.0
Jordon Riley,4,1,1,0.0
Chris Smith II,4,2,2,0.0
Ben Stille,4,3,1,1.0
Kentavius Street,4,3,1,0.0
Daniel Thomas,4,2,1,0.0
DJ Turner,4,3,1,0.0
Avery Williams,4,2,2,0.0
Chris Wormley,4,3,1,0.0
Colson Yankoff,4,2,2,0.0
Micah Abernathy,3,3,0,0.0
Matthew Adams,3,1,2,0.0
Myles Adams,3,2,1,0.0
Denico Autry,3,0,2,2.0
Alex Bachman,3,0,2,0.0
Daniel Bellinger,3,2,1,0.0
Joey Blount,3,2,1,0.0
Jake Bobo,3,1,1,0.0
Khristian Boyd,3,1,2,0.0
Kris Boyd,3,1,1,0.0
Derrick Brown,3,2,0,0.0
Oren Burks,3,1,2,0.0
Zach Charbonnet,3,1,2,0.0
Ja'Marr Chase,3,0,2,0.0
Jack Cochrane,3,1,2,0.0
Brandon Codrington,3,0,2,0.0
Tanner Conner,3,0,3,0.0
Isaiah Davis,3,0,2,0.0
Jalen Davis,3,1,1,0.0
Caleb Farley,3,1,1,0.0
Tre Flowers,3,0,2,0.0
Bryce Ford-Wheaton,3,1,2,0.0
Leki Fotu,3,2,1,0.0
Mitchell Fraboni,3,1,2,0.0
Amari Gainer,3,2,1,0.0
Ali Gaye,3,0,1,0.0
C.J. Ham,3,2,1,0.0
Demone Harris,3,2,1,0.0
Bruce Hector,3,2,0,0.0
KJ Henry,3,2,1,1.0
Kurt Hinish,3,2,0,0.0
Dylan Horton,3,1,2,0.0
Jacob Hummel,3,0,2,0.0
Adisa Isaac,3,2,1,0.0
Ty Johnson,3,0,3,0.0
Miles Killebrew,3,2,1,0.0
Charlie Kolar,3,1,1,0.0
Darrell Luter Jr.,3,2,1,0.0
Jaylen Mahoney,3,2,1,0.0
Kaevon Merriweather,3,2,1,0.0
David Moore,3,1,2,0.0
Israel Mukuamu,3,1,2,0.0
Josh Newton,3,1,2,0.0
David Njoku,3,0,3,0.0
Derrick Nnadi,3,1,1,0.0
Uchenna Nwosu,3,1,1,0.0
Efe Obada,3,2,1,0.0
Jalen Redmond,3,1,2,1.0
Jerrick Reed II,3,1,2,0.0
Ronnie Rivers,3,2,1,0.0
Dominique Robinson,3,2,1,0.0
Jammie Robinson,3,1,2,0.0
Janarius Robinson,3,1,1,0.5
Noah Sewell,3,1,1,0.0
Rashid Shaheed,3,0,3,0.0
Kendall Sheffield,3,2,1,0.0
Trent Sherfield,3,1,2,0.0
Trent Sieg,3,1,2,0.0
Isaiah Stalbird,3,2,1,0.0
Amon-Ra St. Brown,3,0,3,0.0
M.J. Stewart,3,1,1,0.0
Taki Taimani,3,2,1,0.0
Patrick Taylor,3,0,3,0.0
Isaiah Thomas,3,3,0,0.0
Isaac Ukwu,3,1,2,0.0
Sione Vaki,3,0,1,0.0
Ben VanSumeren,3,0,2,0.0
Kindle Vildor,3,1,2,0.0
Kenneth Walker III,3,0,3,0.0
Jay Ward,3,1,1,0.0
Carlos Watkins,3,3,0,0.0
Armon Watts,3,2,1,0.0
Nick Westbrook-Ikhine,3,0,2,0.0
Devin White,3,1,2,0.0
Josh Whyle,3,1,1,0.0
Dee Williams,3,1,2,0.0
Davante Adams,2,0,2,0.0
Jordan Addison,2,0,2,0.0
Cal Adomitis,2,0,2,0.0
Eli Apple,2,0,2,0.0
Brian Asamoah,2,2,0,0.0
Joe Bachie,2,0,1,0.0
Levelle Bailey,2,2,0,0.0
Jake Bates,2,0,2,0.0
Jarrick Bernard-Converse,2,0,2,0.0
Tatum Bethune,2,2,0,0.0
Raheem Blackshear,2,0,2,0.0
Marquise Blair,2,0,1,0.0
Dicaprio Bootle,2,1,1,0.0
Brock Bowers,2,0,2,0.0
Natrone Brooks,2,0,2,0.0
Pharaoh Brown,2,1,1,0.0
Sydney Brown,2,0,2,0.0
Harrison Bryant,2,0,2,0.0
Keondre Coburn,2,2,0,0.0
Myles Cole,2,0,2,0.0
James Conner,2,1,1,0.0
Blake Corum,2,1,1,0.0
Morgan Cox,2,0,2,0.0
Scott Daly,2,1,1,0.0
Sam Darnold,2,1,1,0.0
Marcus Davenport,2,1,1,0.5
Kalia Davis,2,0,2,0.0
Josiah Deguara,2,1,1,0.0
Andrew DePaola,2,2,0,0.0
Riley Dixon,2,1,1,0.0
Zach Ertz,2,0,2,0.0
Akayleb Evans,2,1,1,0.0
Luke Farrell,2,0,2,0.0
Simi Fehoko,2,1,1,0.0
Tony Fields II,2,1,1,0.0
Ryan Flournoy,2,0,2,0.0
Jaylan Ford,2,2,0,0.0
Joe Gaziano,2,1,0,0.0
Joe Giles-Harris,2,1,1,0.0
Chris Godwin,2,0,2,0.0
Tyler Goodson,2,1,1,0.0
Mike Greene,2,2,0,0.0
Isaac Guerendo,2,2,0,0.0
Lawrence Guy,2,2,0,0.0
Nick Hampton,2,0,1,0.0
Hogan Hatten,2,2,0,0.0
Khalil Herbert,2,1,1,0.0
Faion Hicks,2,1,1,0.0
Jamal Hill,2,1,0,0.0
Julian Hill,2,2,0,0.0
Ka'dar Hollman,2,1,1,0.0
Travis Homer,2,0,2,0.0
Tanner Hudson,2,0,2,0.0
Alec Ingold,2,1,0,0.0
Shemar Jean-Charles,2,1,1,0.0
Lonnie Johnson,2,1,1,0.0
Cedric Johnson,2,0,2,0.0
Cam Jones,2,1,1,0.0
Ko Kieft,2,0,2,0.0
Christian Kirk,2,0,2,0.0
George Kittle,2,0,2,0.0
CeeDee Lamb,2,0,2,0.0
Xavier Legette,2,0,2,0.0
Zion Logue,2,0,2,0.0
Dean Lowry,2,2,0,0.0
Tyler Matakevich,2,0,2,0.0
Ochaun Mathis,2,1,1,0.0
Bo Melton,2,1,1,0.0
Kolton Miller,2,0,2,0.0
Jarius Monroe,2,2,0,0.0
Elijah Moore,2,0,2,0.0
Quintin Morris,2,1,1,0.0
Arron Mosby,2,1,1,0.5
Andrew Ogletree,2,2,0,0.0
Chris Olave,2,0,2,0.0
Josh Oliver,2,0,2,0.0
Cade Otton,2,0,2,0.0
Jonathan Owens,2,1,1,0.0
Kyle Peko,2,1,0,0.0
Samaje Perine,2,1,1,0.0
Brandon Pili,2,1,1,0.0
Michael Pittman,2,0,2,0.0
Deantre Prince,2,1,1,0.0
Rashee Rice,2,0,2,0.0
Decamerion Richardson,2,1,1,0.0
Bo Richter,2,0,2,0.0
Bijan Robinson,2,0,2,0.0
Stone Smartt,2,0,2,0.0
Chris Smith,2,2,0,0.0
T.J. Smith,2,2,0,0.0
Tremon Smith,2,0,2,0.0
Xavier Smith,2,0,2,0.0
Jaxon Smith-Njigba,2,0,2,0.0
Qwan'tez Stiggers,2,0,2,0.0
Jack Stoll,2,0,2,0.0
Cade Stover,2,0,2,0.0
Greg Stroman,2,0,1,0.0
Pierre Strong,2,0,1,0.0
Sione Takitaki,2,1,1,0.0
Joe Thuney,2,0,2,0.0
Cory Trice Jr.,2,0,1,0.0
Sean Tucker,2,1,1,0.0
Tre Tucker,2,1,1,0.0
Kendal Vickers,2,1,1,0.0
Josh Wallace,2,0,2,0.0
Jihad Ward,2,0,2,1.0
Jonathan Ward,2,1,1,0.0
Christian Watson,2,0,2,0.0
Mike Williams,2,0,2,0.0
Jacoby Windmon,2,1,1,0.0
Charlie Woerner,2,0,2,0.0
Zach Wood,2,1,0,0.0
Dareke Young,2,0,2,0.0
Cam Akers,1,1,0,0.0
Jordan Akins,1,0,1,0.0
Davis Allen,1,0,1,0.0
Josh Allen,1,0,1,0.0
Robbie Chosen,1,0,1,0.0
Daijahn Anthony,1,0,1,0.0
Tutu Atwell,1,0,1,0.0
Tre Avery,1,0,0,0.0
Jake Bailey,1,0,1,0.0
Aaron Banks,1,1,0,0.0
AJ Barner,1,0,1,0.0
Jackson Barton,1,0,1,0.0
Carlos Basham,1,1,0,0.0
Rashod Bateman,1,0,1,0.0
John Bates,1,0,1,0.0
Trey Benson,1,0,1,0.0
Braxton Berrios,1,0,0,0.0
Angelo Blackson,1,0,1,0.0
Khari Blasingame,1,0,1,0.0
Isaiah Bolden,1,1,0,0.0
Beau Brade,1,1,0,0.0
British Brooks,1,0,1,0.0
Chris Brooks,1,1,0,0.0
Evan Brown,1,1,0,0.0
Treylon Burks,1,0,1,0.0
Artie Burns,1,0,1,0.0
Grant Calcaterra,1,1,0,0.0
Cole Christiansen,1,0,1,0.0
Jalen Coker,1,0,1,0.0
Keon Coleman,1,0,1,0.0
Nico Collins,1,1,0,0.0
Chris Conley,1,0,1,0.0
Logan Cooke,1,0,1,0.0
Britain Covey,1,0,1,0.0
McClendon Curtis,1,0,1,0.0
Drew Dalman,1,0,1,0.0
Christian Darrisaw,1,1,0,0.0
Tank Dell,1,0,1,0.0
Trevor Denbow,1,0,1,0.0
Michael Dickson,1,0,1,0.0
Stefon Diggs,1,0,1,0.0
Kevin Dotson,1,0,1,0.0
Romeo Doubs,1,0,1,0.0
Josh Downs,1,0,1,0.0
Payne Durham,1,1,0,0.0
Mike Edwards,1,0,1,0.0
Ezekiel Elliott,1,1,0,0.0
Jermaine Eluemunor,1,1,0,0.0
Evan Engram,1,0,1,0.0
Travis Etienne,1,0,1,0.0
Mike Evans,1,0,1,0.0
Ka'imi Fairbairn,1,0,1,0.0
Noah Fant,1,0,1,0.0
Neil Farrell,1,0,1,0.0
Blake Ferguson,1,1,0,0.0
Jake Ferguson,1,0,1,0.0
Reid Ferguson,1,0,0,0.0
Joe Flacco,1,1,0,0.0
Zay Flowers,1,0,1,0.0
Blake Gillikin,1,0,1,0.0
Reggie Gilliam,1,0,1,0.0
Dallas Goedert,1,0,1,0.0
C.J. Goodwin,1,0,1,0.0
Art Green,1,1,0,0.0
Antonio Grier Jr.,1,0,1,0.0
Yetur Gross-Matos,1,0,1,0.0
Blake Grupe,1,0,1,0.0
Troy Hairston,1,0,1,0.0
Darren Hall,1,0,1,0.0
Jonathan Harris,1,1,0,0.0
Malik Heath,1,0,0,0.0
Peyton Hendershot,1,1,0,0.0
Thomas Hennessy,1,0,1,0.0
Taysom Hill,1,0,1,0.0
Dallin Holker,1,1,0,0.0
Mack Hollins,1,1,0,0.0
Austin Hooper,1,0,1,0.0
DeAndre Hopkins,1,0,1,0.0
Jerry Hughes,1,1,0,0.0
Charley Hughlett,1,0,1,0.0
Lil'Jordan Humphrey,1,0,1,0.0
Jalyx Hunt,1,0,1,1.0
Robert Hunt,1,0,1,0.0
Jalen Hurts,1,0,1,0.0
Xavier Hutchinson,1,0,0,0.0
Jalin Hyatt,1,0,1,0.0
Keaontay Ingram,1,1,0,0.0
Bucky Irving,1,0,1,0.0
D.J. Ivey,1,0,1,0.0
Brennan Jackson,1,0,1,0.0
Lamar Jackson,1,0,1,0.0
Curtis Jacobs,1,0,1,0.0
Elgton Jenkins,1,0,0,0.0
Teven Jenkins,1,0,1,0.0
Diontae Johnson,1,0,1,0.0
Collin Johnson,1,1,0,0.0
D'Ernest Johnson,1,1,0,0.0
Jakob Johnson,1,1,0,0.0
Patrick Johnson,1,0,1,0.0
Roschon Johnson,1,0,1,0.0
Aaron Jones,1,0,1,0.0
Broderick Jones,1,0,1,0.0
Vi Jones,1,1,0,0.0
Andre Jones Jr.,1,0,1,0.0
Mike Jordan,1,0,1,0.0
Kelvin Joseph,1,0,1,0.0
Mohamed Kamara,1,1,0,0.0
Younghoe Koo,1,1,0,0.0
Tucker Kraft,1,1,0,0.0
Christian Kuntz,1,1,0,0.0
Isaiah Land,1,0,0,0.0
Dylan Laube,1,1,0,0.0
Trevor Lawrence,1,0,1,0.0
Allen Lazard,1,0,1,0.0
Damien Lewis,1,0,1,0.0
Isaiah Likely,1,0,1,0.0
Beaux Limmer,1,0,1,0.0
Chris Lindstrom,1,0,1,0.0
Hunter Long,1,0,1,0.0
Jordan Magee,1,0,1,0.0
Jordan Mailata,1,0,1,0.0
Chris Manhertz,1,0,1,0.0
Damarri Mathis,1,1,0,0.0
Ross Matiscik,1,1,0,0.0
Jordan Matthews,1,1,0,0.0
Alexander Mattison,1,1,0,0.0
Kana'i Mauga,1,1,0,0.0
Drake Maye,1,0,1,0.0
Tyreik McAllister,1,0,0,0.0
Tanner McCalister,1,1,0,0.0
Mason McCormick,1,0,1,0.0
Marcelino McCrary-Ball,1,0,1,0.0
T.Y. McGill,1,1,0,0.0
Kenny McIntosh,1,0,1,0.0
Jaleel McLaughlin,1,0,1,0.0
Terry McLaurin,1,0,1,0.0
Quinn Meinerz,1,0,1,0.0
Jakobi Meyers,1,1,0,0.0
Dante Miller,1,1,0,0.0
Ryan Miller,1,0,1,0.0
Scott Miller,1,0,1,0.0
Jordan Mims,1,1,0,0.0
Jonathan Mingo,1,0,1,0.0
Joe Mixon,1,0,1,0.0
DJ Moore,1,0,1,0.0
Tarvarius Moore,1,0,1,0.0
Wanya Morris,1,0,1,0.0
Nicholas Morrow,1,1,0,0.0
Zack Moss,1,1,0,0.0
Caleb Murphy,1,0,1,0.0
Tanner Muse,1,1,0,0.0
Josh Myers,1,1,0,0.0
Puka Nacua,1,0,1,0.0
Nik Needham,1,1,0,0.0
Aidan O'Connell,1,1,0,0.0
Rome Odunze,1,0,1,0.0
Ty Okada,1,1,0,0.0
Kitan Oladapo,1,1,0,0.0
Bryce Oliver,1,0,1,0.0
Matthew Orzech,1,0,1,0.0
Dylan Parham,1,0,1,0.0
Jordan Phillips,1,1,0,0.0
Zacch Pickens,1,1,0,0.0
Alec Pierce,1,0,1,0.0
Dameon Pierce,1,0,1,0.0
Bradley Pinion,1,0,1,0.0
Jackson Powers-Johnson,1,1,0,0.0
Dak Prescott,1,1,0,0.0
Bobby Price,1,1,0,0.0
James Proche,1,0,1,0.0
MyCole Pruitt,1,0,1,0.0
Dominick Puni,1,1,0,0.0
Brock Purdy,1,0,1,0.0
Shaquille Quarterman,1,0,1,0.0
Dillon Radunz,1,0,1,0.0
Bernhard Raimann,1,0,1,0.0
Haason Reddick,1,1,0,0.5
Otis Reese,1,1,0,0.0
Sean Rhyan,1,0,1,0.0
Patrick Ricard,1,1,0,0.0
Eli Ricks,1,1,0,0.0
Calvin Ridley,1,0,1,0.0
Curtis Robinson,1,0,0,0.0
Mark Robinson,1,0,1,0.0
Robert Rochell,1,0,0,0.0
Roger Rosengarten,1,1,0,0.0
Jeremy Ruckert,1,0,1,0.0
Curtis Samuel,1,0,1,0.0
Deebo Samuel Sr.,1,0,1,0.0
Miles Sanders,1,0,1,0.0
Eric Saubert,1,0,1,0.0
Trey Sermon,1,0,1,0.0
Isaac Seumalo,1,0,1,0.0
Kevon Seymour,1,0,0,0.0
Duke Shelley,1,0,1,0.0
John Shenker,1,0,1,0.0
Devin Singletary,1,0,1,0.0
Ben Sinnott,1,0,1,0.0
Ben Skowronek,1,0,1,0.0
DeVonta Smith,1,0,1,0.0
Jonnu Smith,1,1,0,0.0
Terell Smith,1,0,1,0.0
Trey Smith,1,0,1,0.0
Tyjae Spears,1,0,1,0.0
Reddy Steward,1,0,1,0.0
Rex Sunahara,1,0,0,0.0
Courtland Sutton,1,0,1,0.0
Geoff Swaim,1,0,1,0.0
T.J. Tampa,1,1,0,0.0
Jawaan Taylor,1,0,1,0.0
Adam Thielen,1,0,1,0.0
Brian Thomas Jr.,1,0,1,0.0
Jake Tonges,1,0,1,0.0
Brycen Tremayne,1,1,0,0.0
Josh Tupou,1,1,0,0.0
KaVontae Turpin,1,0,1,0.0
Jaylen Waddle,1,1,0,0.0
Devontez Walker,1,0,1,0.0
Tylan Wallace,1,0,1,0.0
Malik Washington,1,0,1,0.0
Luke Wattenberg,1,0,1,0.0
Sam Webb,1,1,0,0.0
Rachaad White,1,1,0,0.0
Jordan Whittington,1,0,1,0.0
Dontayvion Wicks,1,0,1,0.0
Connor Williams,1,1,0,0.0
James Williams,1,0,1,0.0
Jameson Williams,1,0,1,0.0
Jonah Williams,1,1,0,0.0
Kyren Williams,1,0,1,0.0
Rod Williams,1,0,1,0.0
Jedrick Wills,1,0,1,0.0
Garrett Wilson,1,0,1,0.0
James Winchester,1,1,0,0.0
Tristan Wirfs,1,1,0,0.0
Mitch Wishnowsky,1,0,1,0.0
Charles Woods,1,0,1,0.0
Xavier Worthy,1,0,1,0.0
Matthew Wright,1,0,1,0.0
Oshane Ximines,1,1,0,0.0
Rock Ya-Sin,1,0,1,0.0
Kenny Yeboah,1,0,1,0.0
Shane Zylstra,1,0,0,0.0
Ben Cleveland,0,0,0,0.0
Kingsley Jonathan,0,0,0,0.0
Adetokunbo Ogundeji,0,0,0,0.0
Cody White,0,0,0,0.0
