,Player,Team
0,Isaiah Adams,Arizona Cardinals
1,Andre Baccellia,Arizona Cardinals
2,Markus Bailey,Arizona Cardinals
3,Budda Baker,Arizona Cardinals
4,Krys Barnes,Arizona Cardinals
5,Jackson Barton,Arizona Cardinals
6,Kelvin Beachum,Arizona Cardinals
7,Trey Benson,Arizona Cardinals
8,Angelo Blackson,Arizona Cardinals
9,Joey Blount,Arizona Cardinals
10,Aaron Brewer,Arizona Cardinals
11,Anthony Brown,Arizona Cardinals
12,Evan Brown,Arizona Cardinals
13,Baron Browning,Arizona Cardinals
14,Sean Murphy-Bunting,Arizona Cardinals
15,Michael Carter,Arizona Cardinals
16,Dan Chisena,Arizona Cardinals
17,Kei'Trel Clark,Arizona Cardinals
18,L.J. Collier,Arizona Cardinals
19,Zaven Collins,Arizona Cardinals
20,Trystan Colon,Arizona Cardinals
21,James Conner,Arizona Cardinals
22,Keion Crossen,Arizona Cardinals
23,DeeJay Dallas,Arizona Cardinals
24,Jaden Davis,Arizona Cardinals
25,Emari Demercado,Arizona Cardinals
26,Victor Dimukeje,Arizona Cardinals
27,Greg Dortch,Arizona Cardinals
28,Milo Eifler,Arizona Cardinals
29,Hjalte Froholdt,Arizona Cardinals
30,Jon Gaines II,Arizona Cardinals
31,Dennis Gardeck,Arizona Cardinals
32,Blake Gillikin,Arizona Cardinals
33,Anthony Goodlow,Arizona Cardinals
34,Darren Hall,Arizona Cardinals
35,Marvin Harrison Jr.,Arizona Cardinals
36,Marquis Hayes,Arizona Cardinals
37,Charlie Heck,Arizona Cardinals
38,Will Hernandez,Arizona Cardinals
39,Elijah Higgins,Arizona Cardinals
40,Keith Ismael,Arizona Cardinals
41,Paris Johnson Jr.,Arizona Cardinals
42,Christian Jones,Arizona Cardinals
43,Elijah Jones,Arizona Cardinals
44,Zay Jones,Arizona Cardinals
45,Justin Jones,Arizona Cardinals
46,Naquan Jones,Arizona Cardinals
47,Nick Leverett,Arizona Cardinals
48,Roy Lopez,Arizona Cardinals
49,Jesse Luketa,Arizona Cardinals
50,Tyler Manoa,Arizona Cardinals
51,Trey McBride,Arizona Cardinals
52,Max Melton,Arizona Cardinals
53,Chris Moore,Arizona Cardinals
54,Jordan Murray,Arizona Cardinals
55,Kyler Murray,Arizona Cardinals
56,PJ Mustipher,Arizona Cardinals
57,Bilal Nichols,Arizona Cardinals
58,Carter O'Donnell,Arizona Cardinals
59,BJ Ojulari,Arizona Cardinals
60,Julian Okwara,Arizona Cardinals
61,Tejhaun Palmer,Arizona Cardinals
62,Owen Pappoe,Arizona Cardinals
63,Zach Pascal,Arizona Cardinals
64,Ronnie Perkins,Arizona Cardinals
65,Austen Pleasants,Arizona Cardinals
66,Matt Prater,Arizona Cardinals
67,Tip Reiman,Arizona Cardinals
68,Desmond Ridder,Arizona Cardinals
69,Darius Robinson,Arizona Cardinals
70,Chad Ryland,Arizona Cardinals
71,Bernhard Seikovits,Arizona Cardinals
72,Ben Stille,Arizona Cardinals
73,Dante Stills,Arizona Cardinals
74,Jason Taylor II,Arizona Cardinals
75,Dadrion Taylor-Demerson,Arizona Cardinals
76,Luke Tenuta,Arizona Cardinals
77,Xavier Thomas,Arizona Cardinals
78,Starling Thomas V,Arizona Cardinals
79,Jalen Thompson,Arizona Cardinals
80,Khyiris Tonga,Arizona Cardinals
81,Clayton Tune,Arizona Cardinals
82,Travis Vokolek,Arizona Cardinals
83,Xavier Weaver,Arizona Cardinals
84,Kyzir White,Arizona Cardinals
85,Jonah Williams,Arizona Cardinals
86,Garrett Williams,Arizona Cardinals
87,Divaad Wilson,Arizona Cardinals
88,Mack Wilson,Arizona Cardinals
89,Michael Wilson,Arizona Cardinals
0,Micah Abernathy,Atlanta Falcons
1,Junior Aho,Atlanta Falcons
2,Tyler Allgeier,Atlanta Falcons
3,Troy Andersen,Atlanta Falcons
4,Jessie Bates,Atlanta Falcons
5,Matthew Bergeron,Atlanta Falcons
6,JD Bertrand,Atlanta Falcons
7,Chris Blair,Atlanta Falcons
8,Natrone Brooks,Atlanta Falcons
9,Robert Burns,Atlanta Falcons
10,Lorenzo Carter,Atlanta Falcons
11,Matthew Cindric,Atlanta Falcons
12,Kirk Cousins,Atlanta Falcons
13,Coy Cronk,Atlanta Falcons
14,Dane Cruikshank,Atlanta Falcons
15,Drew Dalman,Atlanta Falcons
16,Brandon Dorlus,Atlanta Falcons
17,Phillip Dorsett,Atlanta Falcons
18,Dylan Drummond,Atlanta Falcons
19,Ross Dwelley,Atlanta Falcons
20,Arnold Ebiketie,Atlanta Falcons
21,Milo Eifler,Atlanta Falcons
22,Kaden Elliss,Atlanta Falcons
23,Rashaan Evans,Atlanta Falcons
24,John FitzPatrick,Atlanta Falcons
25,Dee Alford,Atlanta Falcons
26,Eddie Goldman,Atlanta Falcons
27,Ta'Quon Graham,Atlanta Falcons
28,Richie Grant,Atlanta Falcons
29,Jovaughn Gwyn,Atlanta Falcons
30,Antonio Hamilton,Atlanta Falcons
31,Harrison Hand,Atlanta Falcons
32,Demone Harris,Atlanta Falcons
33,Zach Harrison,Atlanta Falcons
34,DeMarcco Hellams,Atlanta Falcons
35,Matt Hennessy,Atlanta Falcons
36,Kyle Hinton,Atlanta Falcons
37,KhaDarel Hodge,Atlanta Falcons
38,Mike Hughes,Atlanta Falcons
39,Grady Jarrett,Atlanta Falcons
40,Matthew Judon,Atlanta Falcons
41,Khalid Kareem,Atlanta Falcons
42,Kevin King,Atlanta Falcons
43,Younghoe Koo,Atlanta Falcons
44,Nate Landman,Atlanta Falcons
45,Chris Lindstrom,Atlanta Falcons
46,Zion Logue,Atlanta Falcons
47,Drake London,Atlanta Falcons
48,LaCale London,Atlanta Falcons
49,Tyreek Maddox-Williams,Atlanta Falcons
50,DeAngelo Malone,Atlanta Falcons
51,Jake Matthews,Atlanta Falcons
52,Jesse Matthews,Atlanta Falcons
53,Jase McClellan,Atlanta Falcons
54,Ray-Ray McCloud,Atlanta Falcons
55,Liam McCullough,Atlanta Falcons
56,Kaleb McGary,Atlanta Falcons
57,Darnell Mooney,Atlanta Falcons
58,Rondale Moore,Atlanta Falcons
59,Ryan Neuzil,Atlanta Falcons
60,Storm Norton,Atlanta Falcons
61,Kehinde Oginni Hassan,Atlanta Falcons
62,David Onyemata,Atlanta Falcons
63,Ruke Orhorhoro,Atlanta Falcons
64,Brandon Parker,Atlanta Falcons
65,Michael Penix Jr.,Atlanta Falcons
66,Nathan Peterman,Atlanta Falcons
67,Clark Phillips III,Atlanta Falcons
68,Bradley Pinion,Atlanta Falcons
69,Kyle Pitts,Atlanta Falcons
70,Monty Rice,Atlanta Falcons
71,Bijan Robinson,Atlanta Falcons
72,Armani Rogers,Atlanta Falcons
73,Justin Simmons,Atlanta Falcons
74,James Smith-Williams,Atlanta Falcons
75,Kentavius Street,Atlanta Falcons
76,Andrew Stueber,Atlanta Falcons
77,A.J. Terrell,Atlanta Falcons
78,Bralen Trice,Atlanta Falcons
79,Carlos Washington,Atlanta Falcons
80,Casey Washington,Atlanta Falcons
81,Tyrone Wheatley Jr.,Atlanta Falcons
82,Elijah Wilkinson,Atlanta Falcons
83,Avery Williams,Atlanta Falcons
84,Charlie Woerner,Atlanta Falcons
85,Josh Woods,Atlanta Falcons
0,Popo Aumavae,Carolina Panthers
1,Amare Barno,Carolina Panthers
2,Shemar Bartholomew,Carolina Panthers
3,Raheem Blackshear,Carolina Panthers
4,Mike Boone,Carolina Panthers
5,Jonathon Brooks,Carolina Panthers
6,Anthony Brown,Carolina Panthers
7,Derrick Brown,Carolina Panthers
8,Deon Cain,Carolina Panthers
9,Ja'Tyre Carter,Carolina Panthers
10,Tariq Castro-Fields,Carolina Panthers
11,Claudin Cherelus,Carolina Panthers
12,Dan Chisena,Carolina Panthers
13,Brady Christensen,Carolina Panthers
14,Jadeveon Clowney,Carolina Panthers
15,Jalen Coker,Carolina Panthers
16,Alex Cook,Carolina Panthers
17,Austin Corbett,Carolina Panthers
18,Jaden Crumedy,Carolina Panthers
19,Andy Dalton,Carolina Panthers
20,Kenny Dyson,Carolina Panthers
21,Ikem Ekwonu,Carolina Panthers
22,Caleb Farley,Carolina Panthers
23,Sam Franklin Jr.,Carolina Panthers
24,Feleipe Franks,Carolina Panthers
25,Jordan Fuller,Carolina Panthers
26,Cam Gill,Carolina Panthers
27,Shaq Thompson,Carolina Panthers
28,Justin Hardee,Carolina Panthers
29,Charles Harris,Carolina Panthers
30,Jonathan Harris,Carolina Panthers
31,Marquis Haynes,Carolina Panthers
32,Azizi Hearn,Carolina Panthers
33,Johnny Hekker,Carolina Panthers
34,Troy Hill,Carolina Panthers
35,Jaycee Horn,Carolina Panthers
36,Chuba Hubbard,Carolina Panthers
37,Robert Hunt,Carolina Panthers
38,Thomas Incoom,Carolina Panthers
39,Mike Jackson,Carolina Panthers
40,Dane Jackson,Carolina Panthers
41,Tarron Jackson,Carolina Panthers
42,J.J. Jansen,Carolina Panthers
43,Josey Jewell,Carolina Panthers
44,Diontae Johnson,Carolina Panthers
45,Lonnie Johnson,Carolina Panthers
46,Dillon Johnson,Carolina Panthers
47,DJ Johnson,Carolina Panthers
48,Jarrett Kingston,Carolina Panthers
49,Shaq Lawson,Carolina Panthers
50,Xavier Legette,Carolina Panthers
51,Eku Leota,Carolina Panthers
52,Damien Lewis,Carolina Panthers
53,Jordan Matthews,Carolina Panthers
54,Cade Mays,Carolina Panthers
55,Dax Milne,Carolina Panthers
56,Jonathan Mingo,Carolina Panthers
57,Jackson Mitchell,Carolina Panthers
58,David Moore,Carolina Panthers
59,Taylor Moton,Carolina Panthers
60,Yosh Nijman,Carolina Panthers
61,Praise Olatoke,Carolina Panthers
62,Jayden Peevy,Carolina Panthers
63,Sam Pinckney,Carolina Panthers
64,Eddy Pineiro,Carolina Panthers
65,Jack Plummer,Carolina Panthers
66,Shaquille Quarterman,Carolina Panthers
67,LaBryan Ray,Carolina Panthers
68,Andrew Raym,Carolina Panthers
69,Jon Rhattigan,Carolina Panthers
70,Demani Richardson,Carolina Panthers
71,A'Shawn Robinson,Carolina Panthers
72,Jammie Robinson,Carolina Panthers
73,Miles Sanders,Carolina Panthers
74,Ja'Tavion Sanders,Carolina Panthers
75,Nick Scott,Carolina Panthers
76,Jamie Sheriff,Carolina Panthers
77,T.J. Smith,Carolina Panthers
78,Chau Smith-Wade,Carolina Panthers
79,Stephen Sullivan,Carolina Panthers
80,Messiah Swinson,Carolina Panthers
81,Adam Thielen,Carolina Panthers
82,Ian Thomas,Carolina Panthers
83,Deven Thompkins,Carolina Panthers
84,Nick Thurman,Carolina Panthers
85,Tommy Tremble,Carolina Panthers
86,Shy Tuttle,Carolina Panthers
87,Trevin Wallace,Carolina Panthers
88,Brandon Walton,Carolina Panthers
89,DeShawn Williams,Carolina Panthers
90,Raequan Williams,Carolina Panthers
91,Jacoby Windmon,Carolina Panthers
92,D.J. Wonnum,Carolina Panthers
93,Xavier Woods,Carolina Panthers
94,Chandler Wooten,Carolina Panthers
95,Russ Yeast,Carolina Panthers
96,Bryce Young,Carolina Panthers
97,Chandler Zavala,Carolina Panthers
0,Keenan Allen,Chicago Bears
1,Kiran Amegadjie,Chicago Bears
2,Tyson Bagent,Chicago Bears
3,Micah Baskerville,Chicago Bears
4,Ryan Bates,Chicago Bears
5,Travis Bell,Chicago Bears
6,Theo Benedet,Chicago Bears
7,Andrew Billings,Chicago Bears
8,Josh Blackwell,Chicago Bears
9,Khari Blasingame,Chicago Bears
10,Austin Booker,Chicago Bears
11,Larry Borom,Chicago Bears
12,Jaquan Brisker,Chicago Bears
13,Kevin Byard,Chicago Bears
14,Stephen Carlson,Chicago Bears
15,DeAndre Carter,Chicago Bears
16,Douglas Coleman III,Chicago Bears
17,Byron Cowart,Chicago Bears
18,Jake Curhan,Chicago Bears
19,Scott Daly,Chicago Bears
20,Nate Davis,Chicago Bears
21,Gervon Dexter Sr.,Chicago Bears
22,Tremaine Edmunds,Chicago Bears
23,T.J. Edwards,Chicago Bears
24,Gerald Everett,Chicago Bears
25,Chris Glaser,Chicago Bears
26,Kyler Gordon,Chicago Bears
27,Daniel Hardy,Chicago Bears
28,Khalil Herbert,Chicago Bears
29,Elijah Hicks,Chicago Bears
30,Travis Homer,Chicago Bears
31,John Jackson,Chicago Bears
32,Teven Jenkins,Chicago Bears
33,Collin Johnson,Chicago Bears
34,Jaylon Johnson,Chicago Bears
35,Roschon Johnson,Chicago Bears
36,Braxton Jones,Chicago Bears
37,Carl Jones,Chicago Bears
38,Jaylon Jones,Chicago Bears
39,Velus Jones Jr.,Chicago Bears
40,Cole Kmet,Chicago Bears
41,Doug Kramer,Chicago Bears
42,Jamree Kromah,Chicago Bears
43,Marcedes Lewis,Chicago Bears
44,Dashaun Mallory,Chicago Bears
45,Jacob Martin,Chicago Bears
46,Jake McQuaide,Chicago Bears
47,DJ Moore,Chicago Bears
48,Tarvarius Moore,Chicago Bears
49,Bill Murray,Chicago Bears
50,Rome Odunze,Chicago Bears
51,Amen Ogbongbemiga,Chicago Bears
52,Jonathan Owens,Chicago Bears
53,Zacch Pickens,Chicago Bears
54,Austen Pleasants,Chicago Bears
55,Matt Pryor,Chicago Bears
56,Teagan Quitoriano,Chicago Bears
57,Austin Reed,Chicago Bears
58,Sam Roberts,Chicago Bears
59,Dominique Robinson,Chicago Bears
60,Jack Sanborn,Chicago Bears
61,Cairo Santos,Chicago Bears
62,Patrick Scales,Chicago Bears
63,Tyler Scott,Chicago Bears
64,Noah Sewell,Chicago Bears
65,Coleman Shelton,Chicago Bears
66,Terell Smith,Chicago Bears
67,Ameer Speed,Chicago Bears
68,Tyrique Stevenson,Chicago Bears
69,Reddy Steward,Chicago Bears
70,Montez Sweat,Chicago Bears
71,Tommy Sweeney,Chicago Bears
72,D'Andre Swift,Chicago Bears
73,Darrell Taylor,Chicago Bears
74,Tory Taylor,Chicago Bears
75,Ro Torrence,Chicago Bears
76,Samori Toure,Chicago Bears
77,DeMarcus Walker,Chicago Bears
78,Nsimba Webster,Chicago Bears
79,Ian Wheeler,Chicago Bears
80,Caleb Williams,Chicago Bears
81,Chris Williams,Chicago Bears
82,Joel Wilson,Chicago Bears
83,Darnell Wright,Chicago Bears
0,Bryan Anger,Dallas Cowboys
1,Brandon Aubrey,Dallas Cowboys
2,Josh Ball,Dallas Cowboys
3,TJ Bass,Dallas Cowboys
4,Cooper Beebe,Dallas Cowboys
5,Markquese Bell,Dallas Cowboys
6,DaRon Bland,Dallas Cowboys
7,Andrew Booth,Dallas Cowboys
8,Earl Bostick Jr.,Dallas Cowboys
9,Jalen Brooks,Dallas Cowboys
10,Josh Butler,Dallas Cowboys
11,Caelen Carson,Dallas Cowboys
12,Damone Clark,Dallas Cowboys
13,Dalvin Cook,Dallas Cowboys
14,Brandin Cooks,Dallas Cowboys
15,Jalen Moreno-Cropper,Dallas Cowboys
16,Jalen Dalton,Dallas Cowboys
17,Malik Davis,Dallas Cowboys
18,Denzel Daxon,Dallas Cowboys
19,Trevon Diggs,Dallas Cowboys
20,Rico Dowdle,Dallas Cowboys
21,Chuma Edoga,Dallas Cowboys
22,Ezekiel Elliott,Dallas Cowboys
23,Princeton Fant,Dallas Cowboys
24,Jake Ferguson,Dallas Cowboys
25,Ryan Flournoy,Dallas Cowboys
26,Chauncey Golston,Dallas Cowboys
27,C.J. Goodwin,Dallas Cowboys
28,Tyler Guyton,Dallas Cowboys
29,Kemon Hall,Dallas Cowboys
30,Kelvin Harmon,Dallas Cowboys
31,Darius Harris,Dallas Cowboys
32,KJ Henry,Dallas Cowboys
33,Brock Hoffman,Dallas Cowboys
34,Malik Hooker,Dallas Cowboys
35,Phil Hoskins,Dallas Cowboys
36,Buddy Johnson,Dallas Cowboys
37,Durrell Johnson,Dallas Cowboys
38,Emany Johnson,Dallas Cowboys
39,Linval Joseph,Dallas Cowboys
40,Eric Kendricks,Dallas Cowboys
41,Marshawn Kneeland,Dallas Cowboys
42,CeeDee Lamb,Dallas Cowboys
43,Trey Lance,Dallas Cowboys
44,Demarcus Lawrence,Dallas Cowboys
45,Carl Lawson,Dallas Cowboys
46,Jourdan Lewis,Dallas Cowboys
47,Marist Liufau,Dallas Cowboys
48,Hunter Luepke,Dallas Cowboys
49,Zack Martin,Dallas Cowboys
50,Brock Mogensen,Dallas Cowboys
51,Israel Mukuamu,Dallas Cowboys
52,Osa Odighizuwa,Dallas Cowboys
53,Amani Oruwariye,Dallas Cowboys
54,DeMarvion Overshown,Dallas Cowboys
55,Micah Parsons,Dallas Cowboys
56,Jordan Phillips,Dallas Cowboys
57,Dak Prescott,Dallas Cowboys
58,Asim Richards,Dallas Cowboys
59,Cooper Rush,Dallas Cowboys
60,Luke Schoonmaker,Dallas Cowboys
61,Dakoda Shepley,Dallas Cowboys
62,Trent Sieg,Dallas Cowboys
63,Mazi Smith,Dallas Cowboys
64,Tyler Smith,Dallas Cowboys
65,Brevyn Spann-Ford,Dallas Cowboys
66,Terence Steele,Dallas Cowboys
67,John Stephens Jr.,Dallas Cowboys
68,Juanyeh Thomas,Dallas Cowboys
69,Nathan Thomas,Dallas Cowboys
70,Jalen Tolbert,Dallas Cowboys
71,KaVontae Turpin,Dallas Cowboys
72,Deuce Vaughn,Dallas Cowboys
73,Nick Vigil,Dallas Cowboys
74,Luiji Vilain,Dallas Cowboys
75,Matt Waletzko,Dallas Cowboys
76,Carlos Watkins,Dallas Cowboys
77,Tyrus Wheat,Dallas Cowboys
78,Donovan Wilson,Dallas Cowboys
79,Sam Williams,Dallas Cowboys
80,Seth Williams,Dallas Cowboys
0,Mitchell Agude,Detroit Lions
1,Alex Anzalone,Detroit Lions
2,Terrion Arnold,Detroit Lions
3,Kayode Awosika,Detroit Lions
4,David Bada,Detroit Lions
5,Mike Badgley,Detroit Lions
6,Derrick Barnes,Detroit Lions
7,Jake Bates,Detroit Lions
8,Abraham Beauplan,Detroit Lions
9,Brian Branch,Detroit Lions
10,Jack Campbell,Detroit Lions
11,John Cominsky,Detroit Lions
12,Marcus Davenport,Detroit Lions
13,Carlton Davis,Detroit Lions
14,Taylor Decker,Detroit Lions
15,Khalil Dorsey,Detroit Lions
16,Kingsley Eguakun,Detroit Lions
17,Jack Fox,Detroit Lions
18,Jake Fromm,Detroit Lions
19,Connor Galvin,Detroit Lions
20,Jahmyr Gibbs,Detroit Lions
21,Cam Gill,Detroit Lions
22,Graham Glasgow,Detroit Lions
23,Jared Goff,Detroit Lions
24,Antoine Green,Detroit Lions
25,Erick Hallett,Detroit Lions
26,Hogan Hatten,Detroit Lions
27,Parker Hesse,Detroit Lions
28,Hendon Hooker,Detroit Lions
29,James Houston,Detroit Lions
30,Aidan Hutchinson,Detroit Lions
31,Jermar Jefferson,Detroit Lions
32,Jamarco Jones,Detroit Lions
33,Brandon Joseph,Detroit Lions
34,Greg Joseph,Detroit Lions
35,Kerby Joseph,Detroit Lions
36,Tom Kennedy,Detroit Lions
37,Sam LaPorta,Detroit Lions
38,Nate Lynn,Detroit Lions
39,Christian Mahogany,Detroit Lions
40,Giovanni Manu,Detroit Lions
41,Brodric Martin,Detroit Lions
42,Matt McCrane,Detroit Lions
43,Alim McNeill,Detroit Lions
44,Ifeatu Melifonwu,Detroit Lions
45,James Mitchell,Detroit Lions
46,David Montgomery,Detroit Lions
47,Emmanuel Moseley,Detroit Lions
48,Al-Quadin Muhammad,Detroit Lions
49,Netane Muti,Detroit Lions
50,Ben Niemann,Detroit Lions
51,Michael Niese,Detroit Lions
52,Morice Norris Jr.,Detroit Lions
53,Trevor Nowaske,Detroit Lions
54,Pat O'Connor,Detroit Lions
55,Levi Onwuzurike,Detroit Lions
56,Joshua Paschal,Detroit Lions
57,Tim Patrick,Detroit Lions
58,Kyle Peko,Detroit Lions
59,Donovan Peoples-Jones,Detroit Lions
60,Frank Ragnow,Detroit Lions
61,Ennis Rakestraw Jr.,Detroit Lions
62,Kalif Raymond,Detroit Lions
63,D.J. Reader,Detroit Lions
64,Jalen Reeves-Maybin,Detroit Lions
65,Craig Reynolds,Detroit Lions
66,Amik Robertson,Detroit Lions
67,Allen Robinson,Detroit Lions
68,Malcolm Rodriguez,Detroit Lions
69,Penei Sewell,Detroit Lions
70,Dan Skipper,Detroit Lions
71,Chris Smith,Detroit Lions
72,Tre'Quan Smith,Detroit Lions
73,Colby Sorsdal,Detroit Lions
74,Amon-Ra St. Brown,Detroit Lions
75,Loren Strickland,Detroit Lions
76,Isaiah Thomas,Detroit Lions
77,Isaac Ukwu,Detroit Lions
78,Sione Vaki,Detroit Lions
79,Kindle Vildor,Detroit Lions
80,Isaiah Williams,Detroit Lions
81,Jameson Williams,Detroit Lions
82,Mekhi Wingo,Detroit Lions
83,Brock Wright,Detroit Lions
84,Kevin Zeitler,Detroit Lions
85,Shane Zylstra,Detroit Lions
0,Jaire Alexander,Green Bay Packers
1,Deslin Alexandre,Green Bay Packers
2,Zayne Anderson,Green Bay Packers
3,Corey Ballentine,Green Bay Packers
4,Andrew Beck,Green Bay Packers
5,Chris Brooks,Green Bay Packers
6,Karl Brooks,Green Bay Packers
7,Omar Brown,Green Bay Packers
8,Javon Bullard,Green Bay Packers
9,Kenny Clark,Green Bay Packers
10,Sean Clifford,Green Bay Packers
11,Edgerrin Cooper,Green Bay Packers
12,Brenton Cox Jr.,Green Bay Packers
13,Jamin Davis,Green Bay Packers
14,LJ Davis,Green Bay Packers
15,Tyler Davis,Green Bay Packers
16,Andre Dillard,Green Bay Packers
17,AJ Dillon,Green Bay Packers
18,Romeo Doubs,Green Bay Packers
19,Kingsley Enagbare,Green Bay Packers
20,James Ester,Green Bay Packers
21,John FitzPatrick,Green Bay Packers
22,Jonathan Ford,Green Bay Packers
23,Rashan Gary,Green Bay Packers
24,Travis Glover,Green Bay Packers
25,Ralen Goforth,Green Bay Packers
26,Kamal Hadden,Green Bay Packers
27,Alex Hale,Green Bay Packers
28,Malik Heath,Green Bay Packers
29,Julian Hicks,Green Bay Packers
30,Ty'Ron Hopper,Green Bay Packers
31,Josh Jacobs,Green Bay Packers
32,Elgton Jenkins,Green Bay Packers
33,Donovan Jennings,Green Bay Packers
34,Cornelius Johnson,Green Bay Packers
35,Kalen King,Green Bay Packers
36,Malik Knowles,Green Bay Packers
37,Tucker Kraft,Green Bay Packers
38,MarShawn Lloyd,Green Bay Packers
39,Jordan Love,Green Bay Packers
40,Johnny Lumpkin,Green Bay Packers
41,T.J. Luther,Green Bay Packers
42,Isaiah McDuffie,Green Bay Packers
43,Xavier McKinney,Green Bay Packers
44,Brandon McManus,Green Bay Packers
45,Bo Melton,Green Bay Packers
46,Ellis Merriweather,Green Bay Packers
47,Jacob Monk,Green Bay Packers
48,Jordan Morgan,Green Bay Packers
49,Arron Mosby,Green Bay Packers
50,Luke Musgrave,Green Bay Packers
51,Josh Myers,Green Bay Packers
52,Brayden Narveson,Green Bay Packers
53,Keisean Nixon,Green Bay Packers
54,Kitan Oladapo,Green Bay Packers
55,Matthew Orzech,Green Bay Packers
56,La'Mical Perine,Green Bay Packers
57,Jayden Reed,Green Bay Packers
58,Sean Rhyan,Green Bay Packers
59,Robert Rochell,Green Bay Packers
60,Spencer Rolland,Green Bay Packers
61,Chris Russell,Green Bay Packers
62,Ben Sims,Green Bay Packers
63,Tedarrell Slaton,Green Bay Packers
64,Lecitus Smith,Green Bay Packers
65,Preston Smith,Green Bay Packers
66,Eric Stokes,Green Bay Packers
67,Messiah Swinson,Green Bay Packers
68,Kadeem Telfort,Green Bay Packers
69,Zach Tom,Green Bay Packers
70,Carrington Valentine,Green Bay Packers
71,Lukas Van Ness,Green Bay Packers
72,Quay Walker,Green Bay Packers
73,Rasheed Walker,Green Bay Packers
74,Christian Watson,Green Bay Packers
75,Jalen Wayne,Green Bay Packers
76,Daniel Whelan,Green Bay Packers
77,Dontayvion Wicks,Green Bay Packers
78,Evan Williams,Green Bay Packers
79,Malik Willis,Green Bay Packers
80,Emanuel Wilson,Green Bay Packers
81,Eric Wilson,Green Bay Packers
82,Colby Wooden,Green Bay Packers
83,Devonte Wyatt,Green Bay Packers
0,Davis Allen,Los Angeles Rams
1,A.J. Arcuri,Los Angeles Rams
2,Tutu Atwell,Los Angeles Rams
3,Steve Avila,Los Angeles Rams
4,Stetson Bennett,Los Angeles Rams
5,Tanner Brown,Los Angeles Rams
6,Bobby Brown III,Los Angeles Rams
7,Logan Bruss,Los Angeles Rams
8,Quintez Cephus,Los Angeles Rams
9,Geron Christian,Los Angeles Rams
10,Blake Corum,Los Angeles Rams
11,Kam Curl,Los Angeles Rams
12,Tyler Davis,Los Angeles Rams
13,Justin Dedich,Los Angeles Rams
14,Kevin Dotson,Los Angeles Rams
15,Cobie Durant,Los Angeles Rams
16,Cory Durden,Los Angeles Rams
17,Ethan Evans,Los Angeles Rams
18,Tony Fields II,Los Angeles Rams
19,Braden Fiske,Los Angeles Rams
20,Miller Forristall,Los Angeles Rams
21,Neville Gallimore,Los Angeles Rams
22,Jimmy Garoppolo,Los Angeles Rams
23,Nick Hampton,Los Angeles Rams
24,Rob Havenstein,Los Angeles Rams
25,Tyler Higbee,Los Angeles Rams
26,Tre Tomlinson,Los Angeles Rams
27,Michael Hoecht,Los Angeles Rams
28,Jacob Hummel,Los Angeles Rams
29,Tanner Ingle,Los Angeles Rams
30,Alaric Jackson,Los Angeles Rams
31,Brennan Jackson,Los Angeles Rams
32,Jonah Jackson,Los Angeles Rams
33,Desjuan Johnson,Los Angeles Rams
34,John Johnson,Los Angeles Rams
35,Quindell Johnson,Los Angeles Rams
36,Tyler Johnson,Los Angeles Rams
37,Shaun Jolly,Los Angeles Rams
38,Nikola Kalinic,Los Angeles Rams
39,Joshua Karty,Los Angeles Rams
40,Derion Kendrick,Los Angeles Rams
41,Kamren Kinchens,Los Angeles Rams
42,Cooper Kupp,Los Angeles Rams
43,Quentin Lake,Los Angeles Rams
44,Cam Lampkin,Los Angeles Rams
45,Blake Larson,Los Angeles Rams
46,KT Leveston,Los Angeles Rams
47,Beaux Limmer,Los Angeles Rams
48,Hunter Long,Los Angeles Rams
49,Mike Mcallister,Los Angeles Rams
50,Warren McClendon Jr.,Los Angeles Rams
51,Jaylen McCollough,Los Angeles Rams
52,Conor McDermott,Los Angeles Rams
53,Dylan McMahon,Los Angeles Rams
54,Larrell Murchison,Los Angeles Rams
55,Puka Nacua,Los Angeles Rams
56,Elias Neal,Los Angeles Rams
57,Joe Noteboom,Los Angeles Rams
58,Ty Nsekhe,Los Angeles Rams
59,David Olajiga,Los Angeles Rams
60,Colby Parkinson,Los Angeles Rams
61,Troy Reeder,Los Angeles Rams
62,Ronnie Rivers,Los Angeles Rams
63,Demarcus Robinson,Los Angeles Rams
64,Christian Rozeboom,Los Angeles Rams
65,Ryan Sanborn,Los Angeles Rams
66,Cody Schrader,Los Angeles Rams
67,Xavier Smith,Los Angeles Rams
68,Omar Speights,Los Angeles Rams
69,Matthew Stafford,Los Angeles Rams
70,Drake Stoops,Los Angeles Rams
71,Jason Taylor II,Los Angeles Rams
72,Keir Thomas,Los Angeles Rams
73,Kobie Turner,Los Angeles Rams
74,Zach VanValkenburg,Los Angeles Rams
75,Jared Verse,Los Angeles Rams
76,Josh Wallace,Los Angeles Rams
77,Alex Ward,Los Angeles Rams
78,Tre'Davious White,Los Angeles Rams
79,Jordan Whittington,Los Angeles Rams
80,Sam Wiglusz,Los Angeles Rams
81,Darious Williams,Los Angeles Rams
82,Jonah Williams,Los Angeles Rams
83,Kyren Williams,Los Angeles Rams
84,Ahkello Witherspoon,Los Angeles Rams
85,Charles Woods,Los Angeles Rams
86,Russ Yeast,Los Angeles Rams
87,Byron Young,Los Angeles Rams
88,Ty Zentner,Los Angeles Rams
0,Jordan Addison,Minnesota Vikings
1,Cam Akers,Minnesota Vikings
2,Brian Asamoah,Minnesota Vikings
3,Mekhi Blackmon,Minnesota Vikings
4,Garrett Bradbury,Minnesota Vikings
5,Blake Brandel,Minnesota Vikings
6,Jonathan Bullard,Minnesota Vikings
7,Camryn Bynum,Minnesota Vikings
8,Henry Byrd,Minnesota Vikings
9,Andre Carter II,Minnesota Vikings
10,Blake Cashman,Minnesota Vikings
11,Ty Chandler,Minnesota Vikings
12,Sam Darnold,Minnesota Vikings
13,Christian Darrisaw,Minnesota Vikings
14,Andrew DePaola,Minnesota Vikings
15,Akayleb Evans,Minnesota Vikings
16,Dan Feeney,Minnesota Vikings
17,Jeremy Flax,Minnesota Vikings
18,Dallas Gant,Minnesota Vikings
19,Myles Gaskin,Minnesota Vikings
20,Stephon Gilmore,Minnesota Vikings
21,Jonathan Greenard,Minnesota Vikings
22,Shaquill Griffin,Minnesota Vikings
23,Kamu Grugier-Hill,Minnesota Vikings
24,C.J. Ham,Minnesota Vikings
25,N'Keal Harry,Minnesota Vikings
26,T.J. Hockenson,Minnesota Vikings
27,Ed Ingram,Minnesota Vikings
28,Lucky Jackson,Minnesota Vikings
29,Theo Jackson,Minnesota Vikings
30,Trishton Jackson,Minnesota Vikings
31,Justin Jefferson,Minnesota Vikings
32,Marcellus Johnson,Minnesota Vikings
33,Aaron Jones,Minnesota Vikings
34,Jeshaun Jones,Minnesota Vikings
35,Patrick Jones II,Minnesota Vikings
36,Michael Jurgens,Minnesota Vikings
37,Jordan Kunaszyk,Minnesota Vikings
38,Ricky Lee,Minnesota Vikings
39,Bobby McCain,Minnesota Vikings
40,J.J. McCarthy,Minnesota Vikings
41,Dwight McGlothern,Minnesota Vikings
42,Josh Metellus,Minnesota Vikings
43,Fabian Moreau,Minnesota Vikings
44,Nick Mullens,Minnesota Vikings
45,Johnny Mundt,Minnesota Vikings
46,Calvin Munson,Minnesota Vikings
47,Gabriel Murphy,Minnesota Vikings
48,Byron Murphy,Minnesota Vikings
49,Nick Muse,Minnesota Vikings
50,Jalen Nailor,Minnesota Vikings
51,Josh Oliver,Minnesota Vikings
52,Brian O'Neill,Minnesota Vikings
53,Ivan Pace Jr.,Minnesota Vikings
54,Julian Pearl,Minnesota Vikings
55,Harrison Phillips,Minnesota Vikings
56,Brandon Powell,Minnesota Vikings
57,David Quessenberry,Minnesota Vikings
58,Jalen Redmond,Minnesota Vikings
59,Will Reichard,Minnesota Vikings
60,Sammis Reyes,Minnesota Vikings
61,Bo Richter,Minnesota Vikings
62,Dalton Risner,Minnesota Vikings
63,Cam Robinson,Minnesota Vikings
64,Tyrese Robinson,Minnesota Vikings
65,Levi Drake Rodriguez,Minnesota Vikings
66,Walter Rouse,Minnesota Vikings
67,Brett Rypien,Minnesota Vikings
68,Zavier Scott,Minnesota Vikings
69,Trent Sherfield,Minnesota Vikings
70,Harrison Smith,Minnesota Vikings
71,Taki Taimani,Minnesota Vikings
72,Thayer Thomas,Minnesota Vikings
73,NaJee Thompson,Minnesota Vikings
74,Jerry Tillery,Minnesota Vikings
75,Robert Tonyan,Minnesota Vikings
76,Maxwell Tooley,Minnesota Vikings
77,Dallas Turner,Minnesota Vikings
78,Andrew Van Ginkel,Minnesota Vikings
79,Jay Ward,Minnesota Vikings
80,Jihad Ward,Minnesota Vikings
81,Jaylin Williams,Minnesota Vikings
82,Jonah Williams,Minnesota Vikings
83,Nahshon Wright,Minnesota Vikings
84,Ryan Wright,Minnesota Vikings
0,Johnathan Abram,New Orleans Saints
1,Paulson Adebo,New Orleans Saints
2,Ugo Amadi,New Orleans Saints
3,Kevin Austin Jr.,New Orleans Saints
4,Khristian Boyd,New Orleans Saints
5,Millard Bradford,New Orleans Saints
6,Bryan Bresee,New Orleans Saints
7,Derek Carr,New Orleans Saints
8,Demario Davis,New Orleans Saints
9,Austin Deculus,New Orleans Saints
10,Josiah Ezirim,New Orleans Saints
11,Jaylan Ford,New Orleans Saints
12,Isaiah Foskey,New Orleans Saints
13,Taliese Fuaga,New Orleans Saints
14,Willie Gay Jr.,New Orleans Saints
15,Carl Granderson,New Orleans Saints
16,J.T. Gray,New Orleans Saints
17,Blake Grupe,New Orleans Saints
18,Jake Haener,New Orleans Saints
19,Will Harris,New Orleans Saints
20,Matthew Hayball,New Orleans Saints
21,Sincere Haynesworth,New Orleans Saints
22,Kyle Hergel,New Orleans Saints
23,Tre Herndon,New Orleans Saints
24,Justin Herron,New Orleans Saints
25,Taysom Hill,New Orleans Saints
26,Dallin Holker,New Orleans Saints
27,Jordan Howden,New Orleans Saints
28,Khaleke Hudson,New Orleans Saints
29,D'Marco Jackson,New Orleans Saints
30,Jermaine Jackson,New Orleans Saints
31,Michael Jacobson,New Orleans Saints
32,Shemar Jean-Charles,New Orleans Saints
33,Juwan Johnson,New Orleans Saints
34,Cameron Jordan,New Orleans Saints
35,Alvin Kamara,New Orleans Saints
36,Jacob Kibodi,New Orleans Saints
37,Tanoh Kpassagnon,New Orleans Saints
38,Niko Lalos,New Orleans Saints
39,Marshon Lattimore,New Orleans Saints
40,Shane Lemieux,New Orleans Saints
41,Tyrann Mathieu,New Orleans Saints
42,Erik McCoy,New Orleans Saints
43,Connor McGovern,New Orleans Saints
44,Kool-Aid McKinstry,New Orleans Saints
45,Bub Means,New Orleans Saints
46,Kendre Miller,New Orleans Saints
47,Jordan Mims,New Orleans Saints
48,Foster Moreau,New Orleans Saints
49,Chris Olave,New Orleans Saints
50,Anfernee Orji,New Orleans Saints
51,Lucas Patrick,New Orleans Saints
52,Camron Peterson,New Orleans Saints
53,Rico Payton,New Orleans Saints
54,Trevor Penning,New Orleans Saints
55,A.T. Perry,New Orleans Saints
56,Dante Pettis,New Orleans Saints
57,Adam Prentice,New Orleans Saints
58,Ryan Ramczyk,New Orleans Saints
59,Spencer Rattler,New Orleans Saints
60,Chris Reed,New Orleans Saints
61,John Ridgeway,New Orleans Saints
62,Cesar Ruiz,New Orleans Saints
63,Nick Saldiveri,New Orleans Saints
64,Khalen Saunders,New Orleans Saints
65,Nephi Sewell,New Orleans Saints
66,Rashid Shaheed,New Orleans Saints
67,Nathan Shepherd,New Orleans Saints
68,Charlie Smyth,New Orleans Saints
69,Isaiah Stalbird,New Orleans Saints
70,Equanimeous St. Brown,New Orleans Saints
71,Alontae Taylor,New Orleans Saints
72,Roderic Teamer,New Orleans Saints
73,Mason Tipton,New Orleans Saints
74,Payton Turner,New Orleans Saints
75,Oli Udoh,New Orleans Saints
76,Marquez Valdes-Scantling,New Orleans Saints
77,Kendal Vickers,New Orleans Saints
78,Treyton Welch,New Orleans Saints
79,Pete Werner,New Orleans Saints
80,Jamaal Williams,New Orleans Saints
81,Cedrick Wilson Jr.,New Orleans Saints
82,Zach Wood,New Orleans Saints
83,Rejzohn Wright,New Orleans Saints
84,Chase Young,New Orleans Saints
85,Landon Young,New Orleans Saints
0,Matthew Adams,New York Giants
1,Deonte Banks,New York Giants
2,Carlos Basham,New York Giants
3,Daniel Bellinger,New York Giants
4,Dane Belton,New York Giants
5,Curtis Bolton,New York Giants
6,Brian Burns,New York Giants
7,Lawrence Cager,New York Giants
8,Elijah Chatman,New York Giants
9,Chase Cota,New York Giants
10,Carter Coughlin,New York Giants
11,DJ Davidson,New York Giants
12,Tommy DeVito,New York Giants
13,Jermaine Eluemunor,New York Giants
14,Joshua Ezeudu,New York Giants
15,Cordale Flott,New York Giants
16,Bryce Ford-Wheaton,New York Giants
17,Tomon Fox,New York Giants
18,Graham Gano,New York Giants
19,Elijah Garcia,New York Giants
20,Jamie Gillan,New York Giants
21,Eric Gray,New York Giants
22,Art Green,New York Giants
23,Garret Greenfield,New York Giants
24,Matt Haack,New York Giants
25,Tre Hawkins III,New York Giants
26,Isaiah Hodgins,New York Giants
27,Timmy Horne,New York Giants
28,Chris Hubbard,New York Giants
29,Jalin Hyatt,New York Giants
30,Adoree' Jackson,New York Giants
31,Kearis Jackson,New York Giants
32,Alex Johnson,New York Giants
33,Dyontae Johnson,New York Giants
34,Jakob Johnson,New York Giants
35,Marcellus Johnson,New York Giants
36,Patrick Johnson,New York Giants
37,Theo Johnson,New York Giants
38,Anthony Johnson Jr.,New York Giants
39,Daniel Jones,New York Giants
40,Greg Joseph,New York Giants
41,Casey Kreiter,New York Giants
42,Jake Kubas,New York Giants
43,Dexter Lawrence,New York Giants
44,Raheem Layne,New York Giants
45,Drew Lock,New York Giants
46,Chris Manhertz,New York Giants
47,Cade Mays,New York Giants
48,Jude McAtamney,New York Giants
49,Nick McCloud,New York Giants
50,Micah McFadden,New York Giants
51,Joshua Miles,New York Giants
52,Dante Miller,New York Giants
53,Jimmy Morrissey,New York Giants
54,Darius Muasau,New York Giants
55,Malik Nabers,New York Giants
56,Evan Neal,New York Giants
57,Tyler Nubin,New York Giants
58,Rakeem Nunez-Roches,New York Giants
59,Azeez Ojulari,New York Giants
60,Bobby Okereke,New York Giants
61,Gunner Olszewski,New York Giants
62,Gervarrius Owens,New York Giants
63,Andru Phillips,New York Giants
64,Jason Pinnock,New York Giants
65,Elijah Riley,New York Giants
66,Jordon Riley,New York Giants
67,Wan'Dale Robinson,New York Giants
68,Casey Rogers,New York Giants
69,Jon Runyan,New York Giants
70,Austin Schlottmann,New York Giants
71,John Michael Schmitz,New York Giants
72,Duke Shelley,New York Giants
73,Isaiah Simmons,New York Giants
74,Devin Singletary,New York Giants
75,Darius Slayton,New York Giants
76,Ihmir Smith-Marsette,New York Giants
77,Aaron Stinnie,New York Giants
78,Greg Stroman,New York Giants
79,Ty Summers,New York Giants
80,Jonathan Sutherland,New York Giants
81,Kayvon Thibodeaux,New York Giants
82,Andrew Thomas,New York Giants
83,Tyrone Tracy Jr.,New York Giants
84,Greg Van Roten,New York Giants
85,Armon Watts,New York Giants
86,Benton Whitley,New York Giants
87,Joel Wilson,New York Giants
0,David Anenih,Philadelphia Eagles
1,Saquon Barkley,Philadelphia Eagles
2,Zack Baun,Philadelphia Eagles
3,Mekhi Becton,Philadelphia Eagles
4,Reed Blankenship,Philadelphia Eagles
5,Thomas Booker,Philadelphia Eagles
6,James Bradberry,Philadelphia Eagles
7,A.J. Brown,Philadelphia Eagles
8,Sydney Brown,Philadelphia Eagles
9,Oren Burks,Philadelphia Eagles
10,Grant Calcaterra,Philadelphia Eagles
11,Parris Campbell,Philadelphia Eagles
12,Jalen Carter,Philadelphia Eagles
13,McCallan Castles,Philadelphia Eagles
14,Tariq Castro-Fields,Philadelphia Eagles
15,Le'Raven Clark,Philadelphia Eagles
16,Britain Covey,Philadelphia Eagles
17,Braeden Daniels,Philadelphia Eagles
18,Jordan Davis,Philadelphia Eagles
19,Tyrion Davis-Price,Philadelphia Eagles
20,Nakobe Dean,Philadelphia Eagles
21,Cooper DeJean,Philadelphia Eagles
22,Landon Dickerson,Philadelphia Eagles
23,Jahan Dotson,Philadelphia Eagles
24,Jack Driscoll,Philadelphia Eagles
25,Jake Elliott,Philadelphia Eagles
26,Kevin Foelsch,Philadelphia Eagles
27,Kenneth Gainwell,Philadelphia Eagles
28,Dallas Gant,Philadelphia Eagles
29,C.J. Gardner-Johnson,Philadelphia Eagles
30,Nick Gates,Philadelphia Eagles
31,Dallas Goedert,Philadelphia Eagles
32,Brandon Graham,Philadelphia Eagles
33,Danny Gray,Philadelphia Eagles
34,Will Grier,Philadelphia Eagles
35,Gabe Hall,Philadelphia Eagles
36,Jacob Harris,Philadelphia Eagles
37,Griffin Hebert,Philadelphia Eagles
38,Bryce Huff,Philadelphia Eagles
39,Jalyx Hunt,Philadelphia Eagles
40,Jalen Hurts,Philadelphia Eagles
41,Siaki Ika,Philadelphia Eagles
42,E.J. Jenkins,Philadelphia Eagles
43,Fred Johnson,Philadelphia Eagles
44,Lane Johnson,Philadelphia Eagles
45,Patrick Johnson,Philadelphia Eagles
46,Cam Jurgens,Philadelphia Eagles
47,Trevor Keegan,Philadelphia Eagles
48,Darian Kinnard,Philadelphia Eagles
49,Rick Lovato,Philadelphia Eagles
50,Avonte Maddox,Philadelphia Eagles
51,Jordan Mailata,Philadelphia Eagles
52,Braden Mann,Philadelphia Eagles
53,Tristin McCollum,Philadelphia Eagles
54,Tanner McKee,Philadelphia Eagles
55,Dylan McMahon,Philadelphia Eagles
56,Quinyon Mitchell,Philadelphia Eagles
57,Parry Nickerson,Philadelphia Eagles
58,Moro Ojomo,Philadelphia Eagles
59,Albert Okwuegbunam,Philadelphia Eagles
60,Kyle Philips,Philadelphia Eagles
61,Kenny Pickett,Philadelphia Eagles
62,Eli Ricks,Philadelphia Eagles
63,Kelee Ringo,Philadelphia Eagles
64,Isaiah Rodgers,Philadelphia Eagles
65,Marcus Rosemy-Jacksaint,Philadelphia Eagles
66,John Ross,Philadelphia Eagles
67,Andre' Sam,Philadelphia Eagles
68,Will Shipley,Philadelphia Eagles
69,Darius Slay,Philadelphia Eagles
70,Ainias Smith,Philadelphia Eagles
71,Brandon Smith,Philadelphia Eagles
72,DeVonta Smith,Philadelphia Eagles
73,Nolan Smith,Philadelphia Eagles
74,Tyler Steen,Philadelphia Eagles
75,Caden Sterns,Philadelphia Eagles
76,Jack Stoll,Philadelphia Eagles
77,Josh Sweat,Philadelphia Eagles
78,Brett Toth,Philadelphia Eagles
79,Jeremiah Trotter Jr.,Philadelphia Eagles
80,C.J. Uzomah,Philadelphia Eagles
81,Laekin Vakalahi,Philadelphia Eagles
82,Ben VanSumeren,Philadelphia Eagles
83,Devin White,Philadelphia Eagles
84,Milton Williams,Philadelphia Eagles
85,Johnny Wilson,Philadelphia Eagles
86,A.J. Woods,Philadelphia Eagles
87,JT Woods,Philadelphia Eagles
88,Byron Young,Philadelphia Eagles
0,Brandon Aiyuk,San Francisco 49ers
1,Isaac Alarcon,San Francisco 49ers
2,Brandon Allen,San Francisco 49ers
3,Adrian Amos,San Francisco 49ers
4,Evan Anderson,San Francisco 49ers
5,Aaron Banks,San Francisco 49ers
6,Alex Barrett,San Francisco 49ers
7,Ben Bartch,San Francisco 49ers
8,Robert Beal Jr.,San Francisco 49ers
9,Ronnie Bell,San Francisco 49ers
10,Tatum Bethune,San Francisco 49ers
11,Nick Bosa,San Francisco 49ers
12,Jake Brendel,San Francisco 49ers
13,Ji'Ayir Brown,San Francisco 49ers
14,Shakel Brown,San Francisco 49ers
15,Spencer Burford,San Francisco 49ers
16,De'Vondre Campbell,San Francisco 49ers
17,Anders Carlson,San Francisco 49ers
18,Maliek Collins,San Francisco 49ers
19,Chris Conley,San Francisco 49ers
20,Jacob Cowing,San Francisco 49ers
21,Kalia Davis,San Francisco 49ers
22,Joshua Dobbs,San Francisco 49ers
23,Dieter Eiselen,San Francisco 49ers
24,Jordan Elliott,San Francisco 49ers
25,Jon Feliciano,San Francisco 49ers
26,Demetrius Flannigan-Fowles,San Francisco 49ers
27,Leonard Floyd,San Francisco 49ers
28,Jonathan Garvin,San Francisco 49ers
29,Kevin Givens,San Francisco 49ers
30,Jalen Graham,San Francisco 49ers
31,Renardo Green,San Francisco 49ers
32,Dre Greenlaw,San Francisco 49ers
33,Yetur Gross-Matos,San Francisco 49ers
34,Isaac Guerendo,San Francisco 49ers
35,Javon Hargrave,San Francisco 49ers
36,Chris Hubbard,San Francisco 49ers
37,Talanoa Hufanga,San Francisco 49ers
38,Drake Jackson,San Francisco 49ers
39,Jauan Jennings,San Francisco 49ers
40,Kyle Juszczyk,San Francisco 49ers
41,George Kittle,San Francisco 49ers
42,Deommodore Lenoir,San Francisco 49ers
43,Chase Lucas,San Francisco 49ers
44,Darrell Luter Jr.,San Francisco 49ers
45,Jaylen Mahoney,San Francisco 49ers
46,Terrace Marshall Jr.,San Francisco 49ers
47,Jordan Mason,San Francisco 49ers
48,Christian McCaffrey,San Francisco 49ers
49,T.Y. McGill,San Francisco 49ers
50,Colton McKivitz,San Francisco 49ers
51,Elijah Mitchell,San Francisco 49ers
52,Jake Moody,San Francisco 49ers
53,Jaylon Moore,San Francisco 49ers
54,Tanner Mordecai,San Francisco 49ers
55,Malik Mustapha,San Francisco 49ers
56,Drake Nugent,San Francisco 49ers
57,George Odum,San Francisco 49ers
58,Sam Okuayinonu,San Francisco 49ers
59,Terique Owens,San Francisco 49ers
60,Ricky Pearsall,San Francisco 49ers
61,Taybor Pepper,San Francisco 49ers
62,Mason Pline,San Francisco 49ers
63,Dominick Puni,San Francisco 49ers
64,Brock Purdy,San Francisco 49ers
65,Curtis Robinson,San Francisco 49ers
66,Deebo Samuel Sr.,San Francisco 49ers
67,Eric Saubert,San Francisco 49ers
68,Nesta Jade Silvera,San Francisco 49ers
69,Patrick Taylor,San Francisco 49ers
70,Trent Taylor,San Francisco 49ers
71,Ambry Thomas,San Francisco 49ers
72,Jake Tonges,San Francisco 49ers
73,Malik Turner,San Francisco 49ers
74,Ke'Shawn Vaughn,San Francisco 49ers
75,Tracy Walker III,San Francisco 49ers
76,Charvarius Ward,San Francisco 49ers
77,Fred Warner,San Francisco 49ers
78,DaShaun White,San Francisco 49ers
79,Trent Williams,San Francisco 49ers
80,Brayden Willis,San Francisco 49ers
81,Dee Winters,San Francisco 49ers
82,Mitch Wishnowsky,San Francisco 49ers
83,Matthew Wright,San Francisco 49ers
84,Rock Ya-Sin,San Francisco 49ers
85,Isaac Yiadom,San Francisco 49ers
86,Nick Zakelj,San Francisco 49ers
0,Myles Adams,Seattle Seahawks
1,Jerome Baker,Seattle Seahawks
2,AJ Barner,Seattle Seahawks
3,Michael Barrett,Seattle Seahawks
4,Marquise Blair,Seattle Seahawks
5,Jake Bobo,Seattle Seahawks
6,Quinton Bohanna,Seattle Seahawks
7,Tyus Bowser,Seattle Seahawks
8,Miles Boykin,Seattle Seahawks
9,Anthony Bradford,Seattle Seahawks
10,Brittain Brown,Seattle Seahawks
11,Pharaoh Brown,Seattle Seahawks
12,Tre Brown,Seattle Seahawks
13,Coby Bryant,Seattle Seahawks
14,Artie Burns,Seattle Seahawks
15,Zach Charbonnet,Seattle Seahawks
16,Charles Cross,Seattle Seahawks
17,McClendon Curtis,Seattle Seahawks
18,Michael Dickson,Seattle Seahawks
19,Tyrel Dodson,Seattle Seahawks
20,Michael Dowell,Seattle Seahawks
21,George Fant,Seattle Seahawks
22,Noah Fant,Seattle Seahawks
23,Stone Forsythe,Seattle Seahawks
24,Eric Garror,Seattle Seahawks
25,Trevis Gipson,Seattle Seahawks
26,Matt Gotel,Seattle Seahawks
27,Derick Hall,Seattle Seahawks
28,Jaren Hall,Seattle Seahawks
29,Johnathan Hankins,Seattle Seahawks
30,Christian Haynes,Seattle Seahawks
31,Faion Hicks,Seattle Seahawks
32,George Holani,Seattle Seahawks
33,Sam Howell,Seattle Seahawks
34,Rayshawn Jenkins,Seattle Seahawks
35,Michael Jerrell,Seattle Seahawks
36,Josh Jobe,Seattle Seahawks
37,Dre'Mont Jones,Seattle Seahawks
38,Ernest Jones,Seattle Seahawks
39,Tyrice Knight,Seattle Seahawks
40,Sataoa Laumea,Seattle Seahawks
41,Devere Levelston,Seattle Seahawks
42,Tyler Lockett,Seattle Seahawks
43,Julian Love,Seattle Seahawks
44,Abraham Lucas,Seattle Seahawks
45,Tyler Mabry,Seattle Seahawks
46,Boye Mafe,Seattle Seahawks
47,Kenny McIntosh,Seattle Seahawks
48,DK Metcalf,Seattle Seahawks
49,Mike Morris,Seattle Seahawks
50,Byron Murphy II,Seattle Seahawks
51,Jason Myers,Seattle Seahawks
52,Uchenna Nwosu,Seattle Seahawks
53,Patrick O'Connell,Seattle Seahawks
54,Kenneth Odumegwu,Seattle Seahawks
55,Ty Okada,Seattle Seahawks
56,Olu Oluwatimi,Seattle Seahawks
57,Joshua Onujiogu,Seattle Seahawks
58,Jason Peters,Seattle Seahawks
59,Nehemiah Pritchett,Seattle Seahawks
60,Jarran Reed,Seattle Seahawks
61,Jerrick Reed II,Seattle Seahawks
62,Devin Richardson,Seattle Seahawks
63,Roy Robertson-Harris,Seattle Seahawks
64,Josh Ross,Seattle Seahawks
65,Brady Russell,Seattle Seahawks
66,Laviska Shenault Jr.,Seattle Seahawks
67,Jamie Sheriff,Seattle Seahawks
68,Marcus Simms,Seattle Seahawks
69,Geno Smith,Seattle Seahawks
70,Tyreke Smith,Seattle Seahawks
71,Jaxon Smith-Njigba,Seattle Seahawks
72,Chris Stoll,Seattle Seahawks
73,Jalen Sundell,Seattle Seahawks
74,Drake Thomas,Seattle Seahawks
75,Laken Tomlinson,Seattle Seahawks
76,Ezekiel Turner,Seattle Seahawks
77,Kenneth Walker III,Seattle Seahawks
78,K'Von Wallace,Seattle Seahawks
79,Cody White,Seattle Seahawks
80,Connor Williams,Seattle Seahawks
81,Dee Williams,Seattle Seahawks
82,Leonard Williams,Seattle Seahawks
83,Damarion Williams,Seattle Seahawks
84,Devon Witherspoon,Seattle Seahawks
85,Riq Woolen,Seattle Seahawks
86,Cameron Young,Seattle Seahawks
87,Dareke Young,Seattle Seahawks
0,Eric Banks,Tampa Bay Buccaneers
1,Marcus Banks,Tampa Bay Buccaneers
2,Graham Barton,Tampa Bay Buccaneers
3,Chris Braswell,Tampa Bay Buccaneers
4,Ben Bredeson,Tampa Bay Buccaneers
5,C.J. Brewer,Tampa Bay Buccaneers
6,K.J. Britt,Tampa Bay Buccaneers
7,Jack Browning,Tampa Bay Buccaneers
8,Earnest Brown IV,Tampa Bay Buccaneers
9,Marquez Callaway,Tampa Bay Buccaneers
10,Jake Camarda,Tampa Bay Buccaneers
11,Devin Culp,Tampa Bay Buccaneers
12,Lavonte David,Tampa Bay Buccaneers
13,Jamel Dean,Tampa Bay Buccaneers
14,Evan Deckers,Tampa Bay Buccaneers
15,Kalen DeLoach,Tampa Bay Buccaneers
16,SirVocea Dennis,Tampa Bay Buccaneers
17,Yaya Diaby,Tampa Bay Buccaneers
18,Payne Durham,Tampa Bay Buccaneers
19,Silas Dzansi,Tampa Bay Buccaneers
20,Chase Edmonds,Tampa Bay Buccaneers
21,Mike Evans,Tampa Bay Buccaneers
22,Dallis Flowers,Tampa Bay Buccaneers
23,Tyrek Funderburk,Tampa Bay Buccaneers
24,Greg Gaines,Tampa Bay Buccaneers
25,William Gholston,Tampa Bay Buccaneers
26,Trenton Gill,Tampa Bay Buccaneers
27,Chris Godwin,Tampa Bay Buccaneers
28,Luke Goedeke,Tampa Bay Buccaneers
29,Mike Greene,Tampa Bay Buccaneers
30,Antonio Grier Jr.,Tampa Bay Buccaneers
31,Daniel Grzesiak,Tampa Bay Buccaneers
32,Luke Haggard,Tampa Bay Buccaneers
33,Robert Hainsey,Tampa Bay Buccaneers
34,Bryce Hall,Tampa Bay Buccaneers
35,Logan Hall,Tampa Bay Buccaneers
36,Josh Hayes,Tampa Bay Buccaneers
37,Troy Hill,Tampa Bay Buccaneers
38,Dennis Houston,Tampa Bay Buccaneers
39,Bucky Irving,Tampa Bay Buccaneers
40,Keenan Isaac,Tampa Bay Buccaneers
41,Christian Izien,Tampa Bay Buccaneers
42,Rakim Jarrett,Tampa Bay Buccaneers
43,Kameron Johnson,Tampa Bay Buccaneers
44,Vi Jones,Tampa Bay Buccaneers
45,Calijah Kancey,Tampa Bay Buccaneers
46,Ko Kieft,Tampa Bay Buccaneers
47,Elijah Klein,Tampa Bay Buccaneers
48,Tanner Knue,Tampa Bay Buccaneers
49,Cody Mauch,Tampa Bay Buccaneers
50,Baker Mayfield,Tampa Bay Buccaneers
51,Zyon McCollum,Tampa Bay Buccaneers
52,Chase McLaughlin,Tampa Bay Buccaneers
53,Jalen McMillan,Tampa Bay Buccaneers
54,Kaevon Merriweather,Tampa Bay Buccaneers
55,Lorenz Metz,Tampa Bay Buccaneers
56,Ryan Miller,Tampa Bay Buccaneers
57,Anthony Nelson,Tampa Bay Buccaneers
58,Royce Newman,Tampa Bay Buccaneers
59,Raiqwon O'Neal,Tampa Bay Buccaneers
60,Sua Opeta,Tampa Bay Buccaneers
61,Cade Otton,Tampa Bay Buccaneers
62,Trey Palmer,Tampa Bay Buccaneers
63,Michael Pratt,Tampa Bay Buccaneers
64,Jose Ramirez,Tampa Bay Buccaneers
65,J.J. Russell,Tampa Bay Buccaneers
66,Sterling Shepard,Tampa Bay Buccaneers
67,Justin Skule,Tampa Bay Buccaneers
68,Tykee Smith,Tampa Bay Buccaneers
69,Ben Stille,Tampa Bay Buccaneers
70,Tanner Taula,Tampa Bay Buccaneers
71,Tavierre Thomas,Tampa Bay Buccaneers
72,Cody Thompson,Tampa Bay Buccaneers
73,Kyle Trask,Tampa Bay Buccaneers
74,Zach Triner,Tampa Bay Buccaneers
75,Joe Tryon-Shoyinka,Tampa Bay Buccaneers
76,Sean Tucker,Tampa Bay Buccaneers
77,Vita Vea,Tampa Bay Buccaneers
78,Seth Vernon,Tampa Bay Buccaneers
79,Markees Watts,Tampa Bay Buccaneers
80,Rachaad White,Tampa Bay Buccaneers
81,Jordan Whitehead,Tampa Bay Buccaneers
82,D.J. Williams,Tampa Bay Buccaneers
83,Antoine Winfield Jr.,Tampa Bay Buccaneers
84,Tristan Wirfs,Tampa Bay Buccaneers
85,Rashad Wisdom,Tampa Bay Buccaneers
0,Nick Allegretti,Washington Commanders
1,Jonathan Allen,Washington Commanders
2,Kazmeir Allen,Washington Commanders
3,Chigozie Anusiem,Washington Commanders
4,Dorance Armstrong,Washington Commanders
5,John Bates,Washington Commanders
6,Nick Bellore,Washington Commanders
7,Tyler Biadasz,Washington Commanders
8,Dyami Brown,Washington Commanders
9,Noah Brown,Washington Commanders
10,Percy Butler,Washington Commanders
11,Jeremy Chinn,Washington Commanders
12,Brandon Coleman,Washington Commanders
13,Sam Cosmi,Washington Commanders
14,Jamison Crowder,Washington Commanders
15,Jayden Daniels,Washington Commanders
16,Anim Dankwah,Washington Commanders
17,Carl Davis,Washington Commanders
18,Jamin Davis,Washington Commanders
19,Michael Davis,Washington Commanders
20,Sheldon Day,Washington Commanders
21,Michael Deiter,Washington Commanders
22,Jeff Driskel,Washington Commanders
23,Austin Ekeler,Washington Commanders
24,Zach Ertz,Washington Commanders
25,Clelin Ferrell,Washington Commanders
26,Emmanuel Forbes,Washington Commanders
27,Darrick Forrest,Washington Commanders
28,Dante Fowler Jr.,Washington Commanders
29,Julian Good-Jones,Washington Commanders
30,Jalen Graham,Washington Commanders
31,Dominique Hampton,Washington Commanders
32,Bobby Hart,Washington Commanders
33,Sam Hartman,Washington Commanders
34,Marquis Hayes,Washington Commanders
35,Justin Hollins,Washington Commanders
36,Jalyn Holmes,Washington Commanders
37,Noah Igbinoghene,Washington Commanders
38,Javontae Jean-Baptiste,Washington Commanders
39,Andre Jones Jr.,Washington Commanders
40,Cornelius Lucas,Washington Commanders
41,Frankie Luvu,Washington Commanders
42,Jordan Magee,Washington Commanders
43,Marcus Mariota,Washington Commanders
44,Quan Martin,Washington Commanders
45,Phidarian Mathis,Washington Commanders
46,Luke McCaffrey,Washington Commanders
47,Terry McLaurin,Washington Commanders
48,Jeremy McNichols,Washington Commanders
49,Haggai Ndubuisi,Washington Commanders
50,Jer'Zhan Newton,Washington Commanders
51,Ben Nikkel,Washington Commanders
52,Efe Obada,Washington Commanders
53,Tyler Ott,Washington Commanders
54,Tyler Owens,Washington Commanders
55,Chris Paul,Washington Commanders
56,Daron Payne,Washington Commanders
57,Norell Pollard,Washington Commanders
58,Bobby Price,Washington Commanders
59,Jeremy Reaves,Washington Commanders
60,Sheldrick Redwine,Washington Commanders
61,Brian Robinson,Washington Commanders
62,Chris Rodriguez Jr.,Washington Commanders
63,Mike Sainristil,Washington Commanders
64,Max Scharping,Washington Commanders
65,Trent Scott,Washington Commanders
66,Austin Seibert,Washington Commanders
67,Kevon Seymour,Washington Commanders
68,Ben Sinnott,Washington Commanders
69,Benjamin St-Juste,Washington Commanders
70,Mike Strachan,Washington Commanders
71,Armani Taylor-Prioleau,Washington Commanders
72,Mitchell Tinsley,Washington Commanders
73,Brycen Tremayne,Washington Commanders
74,Cole Turner,Washington Commanders
75,Bobby Wagner,Washington Commanders
76,Mykal Walker,Washington Commanders
77,Carlos Watkins,Washington Commanders
78,Tress Way,Washington Commanders
79,Michael Wiley,Washington Commanders
80,Andrew Wylie,Washington Commanders
81,Colson Yankoff,Washington Commanders
82,Cade York,Washington Commanders
83,Olamide Zaccheaus,Washington Commanders
0,Nelson Agholor,Baltimore Ravens
1,Rasheen Ali,Baltimore Ravens
2,Mark Andrews,Baltimore Ravens
3,Jalyn Armour-Davis,Baltimore Ravens
4,Malaesala Aumavae-Laulu,Baltimore Ravens
5,Rashod Bateman,Baltimore Ravens
6,Chris Board,Baltimore Ravens
7,Beau Brade,Baltimore Ravens
8,Corey Bullock,Baltimore Ravens
9,Ben Cleveland,Baltimore Ravens
10,Chris Collier,Baltimore Ravens
11,Ryan Cooper Jr.,Baltimore Ravens
12,Malik Cunningham,Baltimore Ravens
13,Darrian Dalcourt,Baltimore Ravens
14,Joe Evans,Baltimore Ravens
15,Daniel Faalele,Baltimore Ravens
16,Zay Flowers,Baltimore Ravens
17,Malik Hamm,Baltimore Ravens
18,Kyle Hamilton,Baltimore Ravens
19,Deonte Harty,Baltimore Ravens
20,Malik Harrison,Baltimore Ravens
21,Derrick Henry,Baltimore Ravens
22,Justice Hill,Baltimore Ravens
23,Ka'dar Hollman,Baltimore Ravens
24,Marlon Humphrey,Baltimore Ravens
25,Tyler Huntley,Baltimore Ravens
26,Adisa Isaac,Baltimore Ravens
27,Qadir Ismail,Baltimore Ravens
28,Eddie Jackson,Baltimore Ravens
29,Lamar Jackson,Baltimore Ravens
30,Deion Jennings,Baltimore Ravens
31,Josh Johnson,Baltimore Ravens
32,Diontae Johnson,Baltimore Ravens
33,Josh Jones,Baltimore Ravens
34,Travis Jones,Baltimore Ravens
35,Sanoussi Kane,Baltimore Ravens
36,John Kelly,Baltimore Ravens
37,Anthony Kendall,Baltimore Ravens
38,Keith Kirkwood,Baltimore Ravens
39,Charlie Kolar,Baltimore Ravens
40,William Kwenkeu,Baltimore Ravens
41,Devin Leary,Baltimore Ravens
42,Isaiah Likely,Baltimore Ravens
43,Tyler Linderbaum,Baltimore Ravens
44,Nnamdi Madubuike,Baltimore Ravens
45,Christian Matthew,Baltimore Ravens
46,Arthur Maulet,Baltimore Ravens
47,Patrick Mekari,Baltimore Ravens
48,Anthony Miller,Baltimore Ravens
49,Keaton Mitchell,Baltimore Ravens
50,Zaire Mitchell-Paden,Baltimore Ravens
51,Nick Moore,Baltimore Ravens
52,Trayvon Mullen,Baltimore Ravens
53,Yannick Ngakoue,Baltimore Ravens
54,Adedayo Odeleye,Baltimore Ravens
55,David Ojabo,Baltimore Ravens
56,Odafe Oweh,Baltimore Ravens
57,Michael Pierce,Baltimore Ravens
58,C.J. Ravenell,Baltimore Ravens
59,Patrick Ricard,Baltimore Ravens
60,Tavius Robinson,Baltimore Ravens
61,Roger Rosengarten,Baltimore Ravens
62,Josh Ross,Baltimore Ravens
63,Nick Samac,Baltimore Ravens
64,Trenton Simpson,Baltimore Ravens
65,Roquan Smith,Baltimore Ravens
66,Ronnie Stanley,Baltimore Ravens
67,Brandon Stephens,Baltimore Ravens
68,Jordan Stout,Baltimore Ravens
69,T.J. Tampa,Baltimore Ravens
70,Justin Tucker,Baltimore Ravens
71,Josh Tupou,Baltimore Ravens
72,Brent Urban,Baltimore Ravens
73,Kyle Van Noy,Baltimore Ravens
74,Andrew Vorhees,Baltimore Ravens
75,Dayton Wade,Baltimore Ravens
76,Devontez Walker,Baltimore Ravens
77,Tylan Wallace,Baltimore Ravens
78,Ar'Darius Washington,Baltimore Ravens
79,Broderick Washington,Baltimore Ravens
80,Kristian Welch,Baltimore Ravens
81,Nate Wiggins,Baltimore Ravens
82,Marcus Williams,Baltimore Ravens
83,Damarion Williams,Baltimore Ravens
84,Chris Wormley,Baltimore Ravens
85,Owen Wright,Baltimore Ravens
0,Josh Allen,Buffalo Bills
1,Alec Anderson,Buffalo Bills
2,Joe Andreessen,Buffalo Bills
3,Eli Ankou,Buffalo Bills
4,Tyler Bass,Buffalo Bills
5,Christian Benford,Buffalo Bills
6,Terrel Bernard,Buffalo Bills
7,Cole Bishop,Buffalo Bills
8,Ahmarean Brown,Buffalo Bills
9,Spencer Brown,Buffalo Bills
10,Shane Buechele,Buffalo Bills
11,Deon Cain,Buffalo Bills
12,DeWayne Carter,Buffalo Bills
13,Lewis Cine,Buffalo Bills
14,Will Clapp,Buffalo Bills
15,Travis Clayton,Buffalo Bills
16,Kameron Cline,Buffalo Bills
17,Brandon Codrington,Buffalo Bills
18,Keon Coleman,Buffalo Bills
19,James Cook,Buffalo Bills
20,Amari Cooper,Buffalo Bills
21,Te'Cory Couch,Buffalo Bills
22,Zach Davidson,Buffalo Bills
23,Ray Davis,Buffalo Bills
24,Dion Dawkins,Buffalo Bills
25,Branson Deen,Buffalo Bills
26,Rasul Douglas,Buffalo Bills
27,Tommy Doyle,Buffalo Bills
28,Mike Edwards,Buffalo Bills
29,David Edwards,Buffalo Bills
30,Mike Edwards,Buffalo Bills
31,Kaiir Elam,Buffalo Bills
32,A.J. Epenesa,Buffalo Bills
33,Darrynton Evans,Buffalo Bills
34,Reid Ferguson,Buffalo Bills
35,Reggie Gilliam,Buffalo Bills
36,Frank Gore Jr.,Buffalo Bills
37,Richard Gouraige,Buffalo Bills
38,Tylan Grable,Buffalo Bills
39,KJ Hamler,Buffalo Bills
40,Damar Hamlin,Buffalo Bills
41,Daequan Hardy,Buffalo Bills
42,Lucas Havrisik,Buffalo Bills
43,Mack Hollins,Buffalo Bills
44,Ja'Marcus Ingram,Buffalo Bills
45,Kareem Jackson,Buffalo Bills
46,Ty Johnson,Buffalo Bills
47,Austin Johnson,Buffalo Bills
48,Taron Johnson,Buffalo Bills
49,Kingsley Jonathan,Buffalo Bills
50,DaQuan Jones,Buffalo Bills
51,Dalton Kincaid,Buffalo Bills
52,Dawson Knox,Buffalo Bills
53,Cam Lewis,Buffalo Bills
54,Zion Logue,Buffalo Bills
55,Sam Martin,Buffalo Bills
56,Connor McGovern,Buffalo Bills
57,Matt Milano,Buffalo Bills
58,Von Miller,Buffalo Bills
59,Quintin Morris,Buffalo Bills
60,Nicholas Morrow,Buffalo Bills
61,Ed Oliver,Buffalo Bills
62,Taylor Rapp,Buffalo Bills
63,Greg Rousseau,Buffalo Bills
64,Curtis Samuel,Buffalo Bills
65,Khalil Shakir,Buffalo Bills
66,Tyrell Shavers,Buffalo Bills
67,Dawuane Smoot,Buffalo Bills
68,Javon Solomon,Buffalo Bills
69,Baylon Spector,Buffalo Bills
70,Casey Toohill,Buffalo Bills
71,O'Cyrus Torrence,Buffalo Bills
72,Mitchell Trubisky,Buffalo Bills
73,Edefuan Ulofoshio,Buffalo Bills
74,Marquez Valdes-Scantling,Buffalo Bills
75,Ryan Van Demark,Buffalo Bills
76,Sedrick Van Pran-Granger,Buffalo Bills
77,Jalen Virgil,Buffalo Bills
78,Mike White,Buffalo Bills
79,Dorian Williams,Buffalo Bills
0,Micah Abraham,Cincinnati Bengals
1,Cal Adomitis,Cincinnati Bengals
2,Erick All,Cincinnati Bengals
3,Tycen Anderson,Cincinnati Bengals
4,Daijahn Anthony,Cincinnati Bengals
5,Joe Bachie,Cincinnati Bengals
6,Jordan Battle,Cincinnati Bengals
7,Vonn Bell,Cincinnati Bengals
8,Nate Brooks,Cincinnati Bengals
9,Chase Brown,Cincinnati Bengals
10,Orlando Brown,Cincinnati Bengals
11,Trent Brown,Cincinnati Bengals
12,Jake Browning,Cincinnati Bengals
13,Cole Burgess,Cincinnati Bengals
14,Joe Burrow,Cincinnati Bengals
15,Jermaine Burton,Cincinnati Bengals
16,Alex Cappa,Cincinnati Bengals
17,Zachary Carter,Cincinnati Bengals
18,Ja'Marr Chase,Cincinnati Bengals
19,Devin Cochran,Cincinnati Bengals
20,Andrew Coker,Cincinnati Bengals
21,Domenique Davis,Cincinnati Bengals
22,Jalen Davis,Cincinnati Bengals
23,Akeem Davis-Gaither,Cincinnati Bengals
24,Chris Evans,Cincinnati Bengals
25,Cody Ford,Cincinnati Bengals
26,Mike Gesicki,Cincinnati Bengals
27,Cam Grandy,Cincinnati Bengals
28,Lawrence Guy,Cincinnati Bengals
29,Trey Hendrickson,Cincinnati Bengals
30,KJ Henry,Cincinnati Bengals
31,Shaka Heyward,Cincinnati Bengals
32,Tee Higgins,Cincinnati Bengals
33,B.J. Hill,Cincinnati Bengals
34,Daxton Hill,Cincinnati Bengals
35,Trey Hill,Cincinnati Bengals
36,Mike Hilton,Cincinnati Bengals
37,Sam Hubbard,Cincinnati Bengals
38,Tanner Hudson,Cincinnati Bengals
39,Andrei Iosivas,Cincinnati Bengals
40,Trenton Irwin,Cincinnati Bengals
41,D.J. Ivey,Cincinnati Bengals
42,McKinnley Jackson,Cincinnati Bengals
43,Shedrick Jackson,Cincinnati Bengals
44,Kris Jenkins,Cincinnati Bengals
45,Cedric Johnson,Cincinnati Bengals
46,Raymond Johnson III,Cincinnati Bengals
47,Charlie Jones,Cincinnati Bengals
48,PJ Jules,Cincinnati Bengals
49,Ted Karras,Cincinnati Bengals
50,Jaxson Kirkland,Cincinnati Bengals
51,Matt Lee,Cincinnati Bengals
52,Tashawn Manning,Cincinnati Bengals
53,Tanner McLachlan,Cincinnati Bengals
54,Evan McPherson,Cincinnati Bengals
55,Kendall Milton,Cincinnati Bengals
56,Amarius Mims,Cincinnati Bengals
57,Zack Moss,Cincinnati Bengals
58,Myles Murphy,Cincinnati Bengals
59,Josh Newton,Cincinnati Bengals
60,Maema Njongmeta,Cincinnati Bengals
61,Joseph Ossai,Cincinnati Bengals
62,Germaine Pratt,Cincinnati Bengals
63,Kendric Pryor,Cincinnati Bengals
64,Sheldon Rankins,Cincinnati Bengals
65,Ryan Rehkow,Cincinnati Bengals
66,Brad Robbins,Cincinnati Bengals
67,Lance Robinson,Cincinnati Bengals
68,Justin Rogers,Cincinnati Bengals
69,Cameron Sample,Cincinnati Bengals
70,Drew Sample,Cincinnati Bengals
71,D'Ante Smith,Cincinnati Bengals
72,Geno Stone,Cincinnati Bengals
73,Andrew Stueber,Cincinnati Bengals
74,Cam Taylor-Britt,Cincinnati Bengals
75,Isaiah Thomas,Cincinnati Bengals
76,Jay Tufele,Cincinnati Bengals
77,DJ Turner II,Cincinnati Bengals
78,Cordell Volson,Cincinnati Bengals
79,Trayveon Williams,Cincinnati Bengals
80,Logan Wilson,Cincinnati Bengals
81,Logan Woodside,Cincinnati Bengals
0,Hakeem Adeniji,Cleveland Browns
1,Jordan Akins,Cleveland Browns
2,Michael Barrett,Cleveland Browns
3,D'Anthony Bell,Cleveland Browns
4,David Bell,Cleveland Browns
5,Joel Bitonio,Cleveland Browns
6,Corey Bojorquez,Cleveland Browns
7,Brandon Bouyer-Randle,Cleveland Browns
8,Jowon Briggs,Cleveland Browns
9,Gary Brightwell,Cleveland Browns
10,Tony Brown,Cleveland Browns
11,Devin Bush,Cleveland Browns
12,Nick Chubb,Cleveland Browns
13,Javion Cohen,Cleveland Browns
14,Jack Conklin,Cleveland Browns
15,Amari Cooper,Cleveland Browns
16,Jaelon Darden,Cleveland Browns
17,Trey Dean III,Cleveland Browns
18,Grant Delpit,Cleveland Browns
19,Mohamoud Diabate,Cleveland Browns
20,Michael Dunn,Cleveland Browns
21,Chris Edmonds,Cleveland Browns
22,Martin Emerson,Cleveland Browns
23,Tony Fields II,Cleveland Browns
24,Jerome Ford,Cleveland Browns
25,Mike Ford,Cleveland Browns
26,D'Onta Foreman,Cleveland Browns
27,Royce Freeman,Cleveland Browns
28,Myles Garrett,Cleveland Browns
29,Lideatrick Griffin,Cleveland Browns
30,Sebastian Gutierrez,Cleveland Browns
31,Kahlef Hailassie,Cleveland Browns
32,Mike Hall Jr.,Cleveland Browns
33,Justin Hardee,Cleveland Browns
34,Myles Harden,Cleveland Browns
35,Nick Harris,Cleveland Browns
36,Shelby Harris,Cleveland Browns
37,Marcus Haynes,Cleveland Browns
38,Ronnie Hickman Jr.,Cleveland Browns
39,Jordan Hicks,Cleveland Browns
40,Nyheim Hines,Cleveland Browns
41,Dustin Hopkins,Cleveland Browns
42,James Hudson,Cleveland Browns
43,Khaleke Hudson,Cleveland Browns
44,Charley Hughlett,Cleveland Browns
45,Maurice Hurst,Cleveland Browns
46,Germain Ifedi,Cleveland Browns
47,Siaki Ika,Cleveland Browns
48,Quinton Jefferson,Cleveland Browns
49,Jerry Jeudy,Cleveland Browns
50,Dawand Jones,Cleveland Browns
51,Sam Kamara,Cleveland Browns
52,Cameron Latu,Cleveland Browns
53,Ricky Lee,Cleveland Browns
54,Roy Mbaeteka,Cleveland Browns
55,Isaiah McGuire,Cleveland Browns
56,Rodney McLeod Jr.,Cleveland Browns
57,Cameron Mitchell,Cleveland Browns
58,Elijah Moore,Cleveland Browns
59,Greg Newsome II,Cleveland Browns
60,David Njoku,Cleveland Browns
61,Ogbo Okoronkwo,Cleveland Browns
62,Jeremiah Owusu-Koramoah,Cleveland Browns
63,Ethan Pocic,Cleveland Browns
64,James Proche,Cleveland Browns
65,Winston Reid,Cleveland Browns
66,Elerson G. Smith,Cleveland Browns
67,Za'Darius Smith,Cleveland Browns
68,Pierre Strong,Cleveland Browns
69,Rex Sunahara,Cleveland Browns
70,Geoff Swaim,Cleveland Browns
71,Wyatt Teller,Cleveland Browns
72,Juan Thornhill,Cleveland Browns
73,Lorenzo Thompson,Cleveland Browns
74,Dorian Thompson-Robinson,Cleveland Browns
75,Jamari Thrash,Cleveland Browns
76,Cedric Tillman,Cleveland Browns
77,Cameron Tom,Cleveland Browns
78,Dalvin Tomlinson,Cleveland Browns
79,Kadarius Toney,Cleveland Browns
80,Luiji Vilain,Cleveland Browns
81,Denzel Ward,Cleveland Browns
82,Deshaun Watson,Cleveland Browns
83,Nathaniel Watson,Cleveland Browns
84,Blake Whiteheart,Cleveland Browns
85,Chase Williams,Cleveland Browns
86,Jedrick Wills,Cleveland Browns
87,Jameis Winston,Cleveland Browns
88,Mike Woods,Cleveland Browns
89,Alex Wright,Cleveland Browns
90,Luke Wypler,Cleveland Browns
91,Bailey Zappe,Cleveland Browns
92,Zak Zinter,Cleveland Browns
0,Kris Abrams-Draine,Denver Broncos
1,Nate Adkins,Denver Broncos
2,Salvon Ahmed,Denver Broncos
3,Kwon Alexander,Denver Broncos
4,Zach Allen,Denver Broncos
5,Tyler Badie,Denver Broncos
6,Levelle Bailey,Denver Broncos
7,Quinn Bailey,Denver Broncos
8,Michael Bandy,Denver Broncos
9,Cody Barton,Denver Broncos
10,Garett Bolles,Denver Broncos
11,Nik Bonitto,Denver Broncos
12,Baron Browning,Denver Broncos
13,Michael Burton,Denver Broncos
14,Jonathon Cooper,Denver Broncos
15,Frank Crum,Denver Broncos
16,Zach Cunningham,Denver Broncos
17,Kaden Davis,Denver Broncos
18,Riley Dixon,Denver Broncos
19,Greg Dulcich,Denver Broncos
20,Dieter Eiselen,Denver Broncos
21,Jonah Elliss,Denver Broncos
22,Audric Estim,Denver Broncos
23,Andrew Farmer,Denver Broncos
24,Cameron Fleming,Denver Broncos
25,Alex Forsyth,Denver Broncos
26,Mitchell Fraboni,Denver Broncos
27,Troy Franklin,Denver Broncos
28,John Franklin-Myers,Denver Broncos
29,Nick Gargiulo,Denver Broncos
30,Matt Henningsen,Denver Broncos
31,Lil'Jordan Humphrey,Denver Broncos
32,Jordan Jackson,Denver Broncos
33,Brandon Jones,Denver Broncos
34,D.J. Jones,Denver Broncos
35,Devon Key,Denver Broncos
36,Lucas Krull,Denver Broncos
37,P.J. Locke,Denver Broncos
38,Wil Lutz,Denver Broncos
39,Damarri Mathis,Denver Broncos
40,Tanner McCalister,Denver Broncos
41,Mike McGlinchey,Denver Broncos
42,Jaleel McLaughlin,Denver Broncos
43,Ja'Quan McMillian,Denver Broncos
44,Quinn Meinerz,Denver Broncos
45,Jordan Miller,Denver Broncos
46,Marvin Mims Jr.,Denver Broncos
47,Riley Moss,Denver Broncos
48,Quinton Newsome,Denver Broncos
49,Bo Nix,Denver Broncos
50,Alex Palczewski,Denver Broncos
51,Donald Parham,Denver Broncos
52,Matt Peart,Denver Broncos
53,Ronnie Perkins,Denver Broncos
54,A.T. Perry,Denver Broncos
55,Ben Powers,Denver Broncos
56,Josh Reynolds,Denver Broncos
57,Malcolm Roach,Denver Broncos
58,Drew Sanders,Denver Broncos
59,Will Sherman,Denver Broncos
60,David Sills,Denver Broncos
61,Alex Singleton,Denver Broncos
62,JL Skinner,Denver Broncos
63,Keidron Smith,Denver Broncos
64,Tremon Smith,Denver Broncos
65,Jarrett Stidham,Denver Broncos
66,Justin Strnad,Denver Broncos
67,Pat Surtain II,Denver Broncos
68,Courtland Sutton,Denver Broncos
69,Reese Taylor,Denver Broncos
70,Calvin Throckmorton,Denver Broncos
71,Dondrea Tillman,Denver Broncos
72,Adam Trautman,Denver Broncos
73,Delarrin Turner-Yell,Denver Broncos
74,Eyioma Uwazurike,Denver Broncos
75,Devaughn Vele,Denver Broncos
76,Levi Wallace,Denver Broncos
77,Blake Watson,Denver Broncos
78,Luke Wattenberg,Denver Broncos
79,Kristian Welch,Denver Broncos
80,Javonte Williams,Denver Broncos
81,Zach Wilson,Denver Broncos
82,Thomas Yassmin,Denver Broncos
0,Cam Akers,Houston Texans
1,Azeez Al-Shaair,Houston Texans
2,Will Anderson Jr.,Houston Texans
3,Denico Autry,Houston Texans
4,Derek Barnett,Houston Texans
5,Kris Boyd,Houston Texans
6,Shaun Bradley,Houston Texans
7,Nick Broeker,Houston Texans
8,British Brooks,Houston Texans
9,Myles Bryant,Houston Texans
10,Calen Bullock,Houston Texans
11,Solomon Byrd,Houston Texans
12,Nico Collins,Houston Texans
13,Braeden Daniels,Houston Texans
14,Khalil Davis,Houston Texans
15,Tank Dell,Houston Texans
16,Stefon Diggs,Houston Texans
17,Mario Edwards,Houston Texans
18,Cameron Erving,Houston Texans
19,Ka'imi Fairbairn,Houston Texans
20,Foley Fatukasi,Houston Texans
21,Blake Fisher,Houston Texans
22,Cole Fotheringham,Houston Texans
23,Kendrick Green,Houston Texans
24,Kenyon Green,Houston Texans
25,Troy Hairston,Houston Texans
26,Arlington Hambright,Houston Texans
27,Jake Hansen,Houston Texans
28,Christian Harris,Houston Texans
29,Marcus Harris,Houston Texans
30,LaDarius Henderson,Houston Texans
31,Neville Hewitt,Houston Texans
32,Brandon Hill,Houston Texans
33,Jamal Hill,Houston Texans
34,Kurt Hinish,Houston Texans
35,Ka'dar Hollman,Houston Texans
36,Dylan Horton,Houston Texans
37,Tytus Howard,Houston Texans
38,Jerry Hughes,Houston Texans
39,Danielle Hunter,Houston Texans
40,Xavier Hutchinson,Houston Texans
41,Xavier Johnson,Houston Texans
42,Johnny Johnson III,Houston Texans
43,Brevin Jordan,Houston Texans
44,Jawhar Jordan,Houston Texans
45,Gregory Junior,Houston Texans
46,Dalton Keene,Houston Texans
47,Case Keenum,Houston Texans
48,Desmond King,Houston Texans
49,Kamari Lassiter,Houston Texans
50,Shaq Mason,Houston Texans
51,John Metchie III,Houston Texans
52,Davis Mills,Houston Texans
53,Joe Mixon,Houston Texans
54,Eric Murray,Houston Texans
55,Chris Myarick,Houston Texans
56,Dare Ogunbowale,Houston Texans
57,Jeff Okudah,Houston Texans
58,Jarrett Patterson,Houston Texans
59,Mark Perry,Houston Texans
60,Del'Shawn Phillips,Houston Texans
61,Dameon Pierce,Houston Texans
62,Jalen Pitre,Houston Texans
63,Troy Pride,Houston Texans
64,Scott Quessenberry,Houston Texans
65,Teagan Quitoriano,Houston Texans
66,D'Angelo Ross,Houston Texans
67,Dalton Schultz,Houston Texans
68,Juice Scruggs,Houston Texans
69,Tim Settle,Houston Texans
70,David Sharpe,Houston Texans
71,Steven Sims,Houston Texans
72,Kedon Slovis,Houston Texans
73,Irv Smith,Houston Texans
74,M.J. Stewart,Houston Texans
75,Derek Stingley Jr.,Houston Texans
76,Cade Stover,Houston Texans
77,C.J. Stroud,Houston Texans
78,J.J. Taylor,Houston Texans
79,Jaylon Thomas,Houston Texans
80,Tommy Togiai,Houston Texans
81,Maxwell Tooley,Houston Texans
82,Henry To'oTo'o,Houston Texans
83,Tommy Townsend,Houston Texans
84,Laremy Tunsil,Houston Texans
85,Ezekiel Turner,Houston Texans
86,Jimmie Ward,Houston Texans
87,Jared Wayne,Houston Texans
88,Rashad Weaver,Houston Texans
89,Jon Weeks,Houston Texans
90,Devin White,Houston Texans
91,Robert Woods,Houston Texans
92,Kilian Zierer,Houston Texans
0,Adetomiwa Adebawore,Indianapolis Colts
1,McTelvin Agim,Indianapolis Colts
2,Salvon Ahmed,Indianapolis Colts
3,Austin Ajiake,Indianapolis Colts
4,Mo Alie-Cox,Indianapolis Colts
5,Liam Anderson,Indianapolis Colts
6,Genard Avery,Indianapolis Colts
7,Jason Bean,Indianapolis Colts
8,Julian Blackmon,Indianapolis Colts
9,Tanor Bortolini,Indianapolis Colts
10,Julius Brents,Indianapolis Colts
11,Josiah Bronson,Indianapolis Colts
12,Taven Bryan,Indianapolis Colts
13,DeForest Buckner,Indianapolis Colts
14,Jaylon Carlies,Indianapolis Colts
15,Ryan Coll,Indianapolis Colts
16,Nick Cross,Indianapolis Colts
17,Marcel Dabo,Indianapolis Colts
18,Raekwon Davis,Indianapolis Colts
19,Trevor Denbow,Indianapolis Colts
20,Josh Downs,Indianapolis Colts
21,Ashton Dulin,Indianapolis Colts
22,Samson Ebukam,Indianapolis Colts
23,Sam Ehlinger,Indianapolis Colts
24,Ethan Fernea,Indianapolis Colts
25,Joe Flacco,Indianapolis Colts
26,Tre Flowers,Indianapolis Colts
27,Dallis Flowers,Indianapolis Colts
28,Zaire Franklin,Indianapolis Colts
29,Blake Freeland,Indianapolis Colts
30,Wesley French,Indianapolis Colts
31,Will Fries,Indianapolis Colts
32,Matt Gay,Indianapolis Colts
33,Matt Goncalves,Indianapolis Colts
34,Tyler Goodson,Indianapolis Colts
35,Adam Gotsis,Indianapolis Colts
36,Anthony Gould,Indianapolis Colts
37,Kylen Granson,Indianapolis Colts
38,Sebastian Gutierrez,Indianapolis Colts
39,Ronnie Harrison,Indianapolis Colts
40,Evan Hull,Indianapolis Colts
41,Alex Johnson,Indianapolis Colts
42,Jaylon Jones,Indianapolis Colts
43,Kelvin Joseph,Indianapolis Colts
44,Gregory Junior,Indianapolis Colts
45,Ryan Kelly,Indianapolis Colts
46,Chris Lammons,Indianapolis Colts
47,Isaiah Land,Indianapolis Colts
48,Laiatu Latu,Indianapolis Colts
49,Titus Leo,Indianapolis Colts
50,Tyquan Lewis,Indianapolis Colts
51,David Long,Indianapolis Colts
52,Atonio Mafi,Indianapolis Colts
53,Will Mallory,Indianapolis Colts
54,Cameron McGrone,Indianapolis Colts
55,Sean McKeon,Indianapolis Colts
56,Adonai Mitchell,Indianapolis Colts
57,D.J. Montgomery,Indianapolis Colts
58,Kenny Moore II,Indianapolis Colts
59,Quenton Nelson,Indianapolis Colts
60,Dayo Odeyingbo,Indianapolis Colts
61,Andrew Ogletree,Indianapolis Colts
62,Segun Olubi,Indianapolis Colts
63,Kwity Paye,Indianapolis Colts
64,Trent Pennix,Indianapolis Colts
65,Alec Pierce,Indianapolis Colts
66,Danny Pinter,Indianapolis Colts
67,Michael Pittman,Indianapolis Colts
68,Bernhard Raimann,Indianapolis Colts
69,Luke Rhodes,Indianapolis Colts
70,Anthony Richardson,Indianapolis Colts
71,Derek Rivers,Indianapolis Colts
72,Rigoberto Sanchez,Indianapolis Colts
73,Daniel Scott,Indianapolis Colts
74,Trey Sermon,Indianapolis Colts
75,Spencer Shrader,Indianapolis Colts
76,Josh Sills,Indianapolis Colts
77,Jaylin Simpson,Indianapolis Colts
78,Braden Smith,Indianapolis Colts
79,Ameer Speed,Indianapolis Colts
80,E.J. Speed,Indianapolis Colts
81,Grover Stewart,Indianapolis Colts
82,Grant Stuard,Indianapolis Colts
83,Jonathan Taylor,Indianapolis Colts
84,Rodney Thomas,Indianapolis Colts
85,Laquon Treadwell,Indianapolis Colts
86,Dalton Tucker,Indianapolis Colts
87,Jack Wilson,Indianapolis Colts
88,Juwann Winfree,Indianapolis Colts
89,Samuel Womack,Indianapolis Colts
90,Jelani Woods,Indianapolis Colts
0,Yasir Abdullah,Jacksonville Jaguars
1,Josh Hines-Allen,Jacksonville Jaguars
2,Arik Armstead,Jacksonville Jaguars
3,Tank Bigsby,Jacksonville Jaguars
4,Shawn Bowman,Jacksonville Jaguars
5,Christian Braswell,Jacksonville Jaguars
6,Montaric Brown,Jacksonville Jaguars
7,Tyson Campbell,Jacksonville Jaguars
8,Joshua Cephus,Jacksonville Jaguars
9,Andre Chachere,Jacksonville Jaguars
10,Andre Cisco,Jacksonville Jaguars
11,Ezra Cleveland,Jacksonville Jaguars
12,Myles Cole,Jacksonville Jaguars
13,DJ Coleman,Jacksonville Jaguars
14,Logan Cooke,Jacksonville Jaguars
15,Elijah Cooks,Jacksonville Jaguars
16,Ronald Darby,Jacksonville Jaguars
17,Gabe Davis,Jacksonville Jaguars
18,Josiah Deguara,Jacksonville Jaguars
19,De'Shaan Dixon,Jacksonville Jaguars
20,Devin Duvernay,Jacksonville Jaguars
21,Terrell Edmunds,Jacksonville Jaguars
22,Evan Engram,Jacksonville Jaguars
23,Travis Etienne,Jacksonville Jaguars
24,Luke Farrell,Jacksonville Jaguars
25,Tre Flowers,Jacksonville Jaguars
26,Luke Fortner,Jacksonville Jaguars
27,Javon Foster,Jacksonville Jaguars
28,Jake Funk,Jacksonville Jaguars
29,Joe Gaziano,Jacksonville Jaguars
30,Tashaun Gipson,Jacksonville Jaguars
31,Tyler Hall,Jacksonville Jaguars
32,DaVon Hamilton,Jacksonville Jaguars
33,Blake Hance,Jacksonville Jaguars
34,Anton Harrison,Jacksonville Jaguars
35,Cooper Hodges,Jacksonville Jaguars
36,Jalen Jackson,Jacksonville Jaguars
37,Matthew Jackson,Jacksonville Jaguars
38,Jordan Jefferson,Jacksonville Jaguars
39,Antonio Johnson,Jacksonville Jaguars
40,Caleb Johnson,Jacksonville Jaguars
41,D'Ernest Johnson,Jacksonville Jaguars
42,Jarrian Jones,Jacksonville Jaguars
43,Mac Jones,Jacksonville Jaguars
44,Steven Jones,Jacksonville Jaguars
45,Tim Jones,Jacksonville Jaguars
46,Velus Jones Jr.,Jacksonville Jaguars
47,Christian Kirk,Jacksonville Jaguars
48,Tyler Lacy,Jacksonville Jaguars
49,Trevor Lawrence,Jacksonville Jaguars
50,Jeremiah Ledbetter,Jacksonville Jaguars
51,Cam Little,Jacksonville Jaguars
52,Walker Little,Jacksonville Jaguars
53,Devin Lloyd,Jacksonville Jaguars
54,Ross Matiscik,Jacksonville Jaguars
55,Zech McPhearson,Jacksonville Jaguars
56,Ventrell Miller,Jacksonville Jaguars
57,Mitch Morse,Jacksonville Jaguars
58,Chad Muma,Jacksonville Jaguars
59,Patrick Murtagh,Jacksonville Jaguars
60,Tanner Muse,Jacksonville Jaguars
61,Foye Oluokun,Jacksonville Jaguars
62,Esezi Otomewo,Jacksonville Jaguars
63,Anthony Pittman,Jacksonville Jaguars
64,Deantre Prince,Jacksonville Jaguars
65,Louis Rees-Zammit,Jacksonville Jaguars
66,John Rhys Plumlee,Jacksonville Jaguars
67,Roy Robertson-Harris,Jacksonville Jaguars
68,Cam Robinson,Jacksonville Jaguars
69,Keilan Robinson,Jacksonville Jaguars
70,Darnell Savage,Jacksonville Jaguars
71,Brandon Scherff,Jacksonville Jaguars
72,Maason Smith,Jacksonville Jaguars
73,Brenton Strange,Jacksonville Jaguars
74,Daniel Thomas,Jacksonville Jaguars
75,Brian Thomas Jr.,Jacksonville Jaguars
76,Austin Trammell,Jacksonville Jaguars
77,Cole Van Lanen,Jacksonville Jaguars
78,Travon Walker,Jacksonville Jaguars
79,Parker Washington,Jacksonville Jaguars
80,David White Jr.,Jacksonville Jaguars
81,Andrew Wingard,Jacksonville Jaguars
0,Felix Anudike-Uzomah,Kansas City Chiefs
1,Matt Araiza,Kansas City Chiefs
2,Emani Bailey,Kansas City Chiefs
3,Nick Bolton,Kansas City Chiefs
4,Swayze Bozeman,Kansas City Chiefs
5,Marquise Brown,Kansas City Chiefs
6,Deon Bush,Kansas City Chiefs
7,Harrison Butker,Kansas City Chiefs
8,Mike Caliendo,Kansas City Chiefs
9,Leo Chenal,Kansas City Chiefs
10,Cole Christiansen,Kansas City Chiefs
11,Jack Cochrane,Kansas City Chiefs
12,Chamarri Conner,Kansas City Chiefs
13,Bryan Cook,Kansas City Chiefs
14,Baylor Cupp,Kansas City Chiefs
15,Michael Danna,Kansas City Chiefs
16,Ethan Driskell,Kansas City Chiefs
17,Clyde Edwards-Helaire,Kansas City Chiefs
18,Anthony Firkser,Kansas City Chiefs
19,Joseph Fortson,Kansas City Chiefs
20,Chukwuebuka Godrick,Kansas City Chiefs
21,Noah Gray,Kansas City Chiefs
22,C.J. Hanson,Kansas City Chiefs
23,Mecole Hardman,Kansas City Chiefs
24,Peyton Hendershot,Kansas City Chiefs
25,Malik Herring,Kansas City Chiefs
26,Jaden Hicks,Kansas City Chiefs
27,DeAndre Hopkins,Kansas City Chiefs
28,Creed Humphrey,Kansas City Chiefs
29,Kareem Hunt,Kansas City Chiefs
30,Keaontay Ingram,Kansas City Chiefs
31,Nazeeh Johnson,Kansas City Chiefs
32,Cam Jones,Kansas City Chiefs
33,Chris Jones,Kansas City Chiefs
34,Nic Jones,Kansas City Chiefs
35,Truman Jones,Kansas City Chiefs
36,George Karlaftis,Kansas City Chiefs
37,Travis Kelce,Kansas City Chiefs
38,Fabien Lovett Sr.,Kansas City Chiefs
39,Patrick Mahomes,Kansas City Chiefs
40,Trent McDuffie,Kansas City Chiefs
41,McKade Mettauer,Kansas City Chiefs
42,Skyy Moore,Kansas City Chiefs
43,Wanya Morris,Kansas City Chiefs
44,Lucas Niang,Kansas City Chiefs
45,Derrick Nnadi,Kansas City Chiefs
46,Hunter Nourzad,Kansas City Chiefs
47,Chris Oladokun,Kansas City Chiefs
48,Charles Omenihu,Kansas City Chiefs
49,Isiah Pacheco,Kansas City Chiefs
50,Mike Pennel,Kansas City Chiefs
51,Samaje Perine,Kansas City Chiefs
52,Cornell Powell,Kansas City Chiefs
53,Justin Reid,Kansas City Chiefs
54,Nikko Remigio,Kansas City Chiefs
55,Rashee Rice,Kansas City Chiefs
56,Christian Roland-Wallace,Kansas City Chiefs
57,Justyn Ross,Kansas City Chiefs
58,Darius Rush,Kansas City Chiefs
59,Eric Scott Jr.,Kansas City Chiefs
60,Trey Smith,Kansas City Chiefs
61,JuJu Smith-Schuster,Kansas City Chiefs
62,Carson Steele,Kansas City Chiefs
63,Kingsley Suamataia,Kansas City Chiefs
64,Jawaan Taylor,Kansas City Chiefs
65,Keith Taylor,Kansas City Chiefs
66,Cameron Thomas,Kansas City Chiefs
67,BJ Thompson,Kansas City Chiefs
68,Joe Thuney,Kansas City Chiefs
69,Drue Tranquill,Kansas City Chiefs
70,Marlon Tuipulotu,Kansas City Chiefs
71,Joshua Uche,Kansas City Chiefs
72,Montrell Washington,Kansas City Chiefs
73,Jaylen Watson,Kansas City Chiefs
74,Justin Watson,Kansas City Chiefs
75,Carson Wentz,Kansas City Chiefs
76,Tershawn Wharton,Kansas City Chiefs
77,Jared Wiley,Kansas City Chiefs
78,Joshua Williams,Kansas City Chiefs
79,James Winchester,Kansas City Chiefs
80,Xavier Worthy,Kansas City Chiefs
81,Bailey Zappe,Kansas City Chiefs
0,Ameer Abdullah,Las Vegas Raiders
1,Davante Adams,Las Vegas Raiders
2,David Agoha,Las Vegas Raiders
3,Gottlieb Ayedze,Las Vegas Raiders
4,Alex Bachman,Las Vegas Raiders
5,Jakorian Bennett,Las Vegas Raiders
6,Jacob Bobenmoyer,Las Vegas Raiders
7,Brock Bowers,Las Vegas Raiders
8,Carter Bradley,Las Vegas Raiders
9,Ben Brown,Las Vegas Raiders
10,Harrison Bryant,Las Vegas Raiders
11,Amari Burney,Las Vegas Raiders
12,Adam Butler,Las Vegas Raiders
13,Matthew Butler,Las Vegas Raiders
14,Daniel Carlson,Las Vegas Raiders
15,Zachary Carter,Las Vegas Raiders
16,K'Lavon Chaisson,Las Vegas Raiders
17,AJ Cole,Las Vegas Raiders
18,Maxx Crosby,Las Vegas Raiders
19,Divine Deablo,Las Vegas Raiders
20,MJ Devonshire,Las Vegas Raiders
21,Tommy Eichenberg,Las Vegas Raiders
22,Marcus Epps,Las Vegas Raiders
23,Jeff Foreman,Las Vegas Raiders
24,Cole Fotheringham,Las Vegas Raiders
25,Tomari Fox,Las Vegas Raiders
26,Amari Gainer,Las Vegas Raiders
27,DJ Glaze,Las Vegas Raiders
28,Jalen Guyton,Las Vegas Raiders
29,Thomas Harper,Las Vegas Raiders
30,Nate Hobbs,Las Vegas Raiders
31,Darnay Holmes,Las Vegas Raiders
32,Andre James,Las Vegas Raiders
33,John Jenkins,Las Vegas Raiders
34,Jake Johanning,Las Vegas Raiders
35,Jack Jones,Las Vegas Raiders
36,Kyu Kelly,Las Vegas Raiders
37,Ramel Keyton,Las Vegas Raiders
38,Malcolm Koonce,Las Vegas Raiders
39,Dylan Laube,Las Vegas Raiders
40,Jonah Laulu,Las Vegas Raiders
41,Blake Lynch,Las Vegas Raiders
42,Terrace Marshall Jr.,Las Vegas Raiders
43,Luke Masterson,Las Vegas Raiders
44,Alexander Mattison,Las Vegas Raiders
45,Kana'i Mauga,Las Vegas Raiders
46,Michael Mayer,Las Vegas Raiders
47,Tyreik McAllister,Las Vegas Raiders
48,Marquan McCall,Las Vegas Raiders
49,Sincere McCormick,Las Vegas Raiders
50,Jordan Meredith,Las Vegas Raiders
51,Jakobi Meyers,Las Vegas Raiders
52,Kolton Miller,Las Vegas Raiders
53,Gardner Minshew,Las Vegas Raiders
54,Tre'von Moehrig,Las Vegas Raiders
55,Thayer Munford Jr.,Las Vegas Raiders
56,Aidan O'Connell,Las Vegas Raiders
57,Dylan Parham,Las Vegas Raiders
58,Andrus Peat,Las Vegas Raiders
59,Isaiah Pola-Mao,Las Vegas Raiders
60,Jackson Powers-Johnson,Las Vegas Raiders
61,Will Putnam,Las Vegas Raiders
62,Decamerion Richardson,Las Vegas Raiders
63,Desmond Ridder,Las Vegas Raiders
64,Janarius Robinson,Las Vegas Raiders
65,Phalen Sanford,Las Vegas Raiders
66,John Shenker,Las Vegas Raiders
67,Justin Shorter,Las Vegas Raiders
68,Nesta Jade Silvera,Las Vegas Raiders
69,Chris Smith II,Las Vegas Raiders
70,Charles Snowden,Las Vegas Raiders
71,Robert Spillane,Las Vegas Raiders
72,Trey Taylor,Las Vegas Raiders
73,Tre Tucker,Las Vegas Raiders
74,DJ Turner,Las Vegas Raiders
75,Dalton Wagner,Las Vegas Raiders
76,Sam Webb,Las Vegas Raiders
77,Trevon Wesco,Las Vegas Raiders
78,Zamir White,Las Vegas Raiders
79,Cody Whitehair,Las Vegas Raiders
80,Kristian Wilkerson,Las Vegas Raiders
81,Christian Wilkins,Las Vegas Raiders
82,Tyree Wilson,Las Vegas Raiders
0,Joe Alt,Los Angeles Chargers
1,Eli Apple,Los Angeles Chargers
2,Karsen Barnhart,Los Angeles Chargers
3,Luke Benson,Los Angeles Chargers
4,Dicaprio Bootle,Los Angeles Chargers
5,Joey Bosa,Los Angeles Chargers
6,Bradley Bozeman,Los Angeles Chargers
7,McCallan Castles,Los Angeles Chargers
8,DJ Chark,Los Angeles Chargers
9,Chris Collins,Los Angeles Chargers
10,Junior Colson,Los Angeles Chargers
11,Braeden Daniels,Los Angeles Chargers
12,Derius Davis,Los Angeles Chargers
13,Cameron Dicker,Los Angeles Chargers
14,Will Dissly,Los Angeles Chargers
15,J.K. Dobbins,Los Angeles Chargers
16,Bud Dupree,Los Angeles Chargers
17,Troy Dye,Los Angeles Chargers
18,Justin Eboigbe,Los Angeles Chargers
19,Gus Edwards,Los Angeles Chargers
20,Simi Fehoko,Los Angeles Chargers
21,AJ Finley,Los Angeles Chargers
22,Tucker Fisk,Los Angeles Chargers
23,Dez Fitzpatrick,Los Angeles Chargers
24,Poona Ford,Los Angeles Chargers
25,Morgan Fox,Los Angeles Chargers
26,Kristian Fulton,Los Angeles Chargers
27,Alohi Gilman,Los Angeles Chargers
28,Josh Harris,Los Angeles Chargers
29,Cam Hart,Los Angeles Chargers
30,Hassan Haskins,Los Angeles Chargers
31,Taylor Heinicke,Los Angeles Chargers
32,Daiyan Henley,Los Angeles Chargers
33,Justin Herbert,Los Angeles Chargers
34,Christopher Hinton,Los Angeles Chargers
35,Hayden Hurst,Los Angeles Chargers
36,Brenden Jaimes,Los Angeles Chargers
37,Derwin James,Los Angeles Chargers
38,Jeremiah Jean-Baptiste,Los Angeles Chargers
39,Tony Jefferson,Los Angeles Chargers
40,Jaylen Johnson,Los Angeles Chargers
41,Zion Johnson,Los Angeles Chargers
42,Quentin Johnston,Los Angeles Chargers
43,Alex Leatherwood,Los Angeles Chargers
44,Deane Leonard,Los Angeles Chargers
45,Blake Lynch,Los Angeles Chargers
46,Khalil Mack,Los Angeles Chargers
47,Scott Matlock,Los Angeles Chargers
48,Ladd McConkey,Los Angeles Chargers
49,Jordan McFadden,Los Angeles Chargers
50,Tyler McLellan,Los Angeles Chargers
51,Elijah Molden,Los Angeles Chargers
52,Tre'Monon Morris-Brash,Los Angeles Chargers
53,Caleb Murphy,Los Angeles Chargers
54,Sam Mustipher,Los Angeles Chargers
55,Nick Niemann,Los Angeles Chargers
56,Otito Ogbonnia,Los Angeles Chargers
57,Basil Okoye,Los Angeles Chargers
58,Josh Palmer,Los Angeles Chargers
59,Jaret Patterson,Los Angeles Chargers
60,Denzel Perryman,Los Angeles Chargers
61,Trey Pipkins,Los Angeles Chargers
62,Shaquille Quarterman,Los Angeles Chargers
63,Jalen Reagor,Los Angeles Chargers
64,Brenden Rice,Los Angeles Chargers
65,Chris Rumph II,Los Angeles Chargers
66,Jamaree Salyer,Los Angeles Chargers
67,Asante Samuel Jr.,Los Angeles Chargers
68,Foster Sarell,Los Angeles Chargers
69,J.K. Scott,Los Angeles Chargers
70,Nehemiah Shelton,Los Angeles Chargers
71,Rashawn Slater,Los Angeles Chargers
72,Stone Smartt,Los Angeles Chargers
73,Tarheeb Still,Los Angeles Chargers
74,Easton Stick,Los Angeles Chargers
75,Teair Tart,Los Angeles Chargers
76,Ja'Sir Taylor,Los Angeles Chargers
77,Eric Tomlinson,Los Angeles Chargers
78,Tuli Tuipulotu,Los Angeles Chargers
79,Kimani Vidal,Los Angeles Chargers
80,Shaun Wade,Los Angeles Chargers
81,Bucky Williams,Los Angeles Chargers
82,Kendall Williamson,Los Angeles Chargers
0,De'Von Achane,Miami Dolphins
1,Robbie Chosen,Miami Dolphins
2,Terron Armstead,Miami Dolphins
3,Jake Bailey,Miami Dolphins
4,C.J. Beathard,Miami Dolphins
5,Odell Beckham Jr.,Miami Dolphins
6,Quinton Bell,Miami Dolphins
7,Braxton Berrios,Miami Dolphins
8,Tarik Black,Miami Dolphins
9,Ethan Bonner,Miami Dolphins
10,Tyus Bowser,Miami Dolphins
11,Tim Boyle,Miami Dolphins
12,Will Bradley-King,Miami Dolphins
13,Aaron Brewer,Miami Dolphins
14,Jordyn Brooks,Miami Dolphins
15,Cameron Brown,Miami Dolphins
16,Shakel Brown,Miami Dolphins
17,Calais Campbell,Miami Dolphins
18,Elijah Campbell,Miami Dolphins
19,Jackson Carman,Miami Dolphins
20,Bradley Chubb,Miami Dolphins
21,Jordan Colbert,Miami Dolphins
22,Tanner Conner,Miami Dolphins
23,Lester Cotton,Miami Dolphins
24,River Cracraft,Miami Dolphins
25,Matt Dickerson,Miami Dolphins
26,Grant DuBose,Miami Dolphins
27,Storm Duck,Miami Dolphins
28,Liam Eichenberg,Miami Dolphins
29,D'Wayne Eskridge,Miami Dolphins
30,Erik Ezukanma,Miami Dolphins
31,Neil Farrell,Miami Dolphins
32,Blake Ferguson,Miami Dolphins
33,Kendall Fuller,Miami Dolphins
34,Cameron Goode,Miami Dolphins
35,Da'Shawn Hand,Miami Dolphins
36,Anderson Hardy,Miami Dolphins
37,Jonathan Harris,Miami Dolphins
38,Julian Hill,Miami Dolphins
39,Tyreek Hill,Miami Dolphins
40,Chasen Hines,Miami Dolphins
41,Jevon Holland,Miami Dolphins
42,Tyler Huntley,Miami Dolphins
43,Alec Ingold,Miami Dolphins
44,Austin Jackson,Miami Dolphins
45,Dequan Jackson,Miami Dolphins
46,Isaiah Johnson,Miami Dolphins
47,Benito Jones,Miami Dolphins
48,Naquan Jones,Miami Dolphins
49,Robert Jones,Miami Dolphins
50,Mohamed Kamara,Miami Dolphins
51,Kader Kohou,Miami Dolphins
52,Kendall Lamm,Miami Dolphins
53,David Long,Miami Dolphins
54,Bayron Matos,Miami Dolphins
55,Marcus Maye,Miami Dolphins
56,Derrick McLendon,Miami Dolphins
57,Patrick McMorris,Miami Dolphins
58,Andrew Meyer,Miami Dolphins
59,Raheem Mostert,Miami Dolphins
60,Grayson Murphy,Miami Dolphins
61,Siran Neal,Miami Dolphins
62,Nik Needham,Miami Dolphins
63,Emmanuel Ogbah,Miami Dolphins
64,Matt Overton,Miami Dolphins
65,Patrick Paul,Miami Dolphins
66,Jaelan Phillips,Miami Dolphins
67,Brandon Pili,Miami Dolphins
68,Jordan Poyer,Miami Dolphins
69,Deneric Prince,Miami Dolphins
70,Jalen Ramsey,Miami Dolphins
71,Duke Riley,Miami Dolphins
72,Chop Robinson,Miami Dolphins
73,Hayden Rucci,Miami Dolphins
74,Jason Sanders,Miami Dolphins
75,Anthony Schwartz,Miami Dolphins
76,Zach Sieler,Miami Dolphins
77,Cam Smith,Miami Dolphins
78,Jonnu Smith,Miami Dolphins
79,Kion Smith,Miami Dolphins
80,Durham Smythe,Miami Dolphins
81,Tua Tagovailoa,Miami Dolphins
82,Skylar Thompson,Miami Dolphins
83,Channing Tindall,Miami Dolphins
84,Jaylen Waddle,Miami Dolphins
85,Anthony Walker,Miami Dolphins
86,Malik Washington,Miami Dolphins
87,Tahj Washington,Miami Dolphins
88,Jeff Wilson,Miami Dolphins
89,Jaylen Wright,Miami Dolphins
90,Isaiah Wynn,Miami Dolphins
0,Tucker Addington,New England Patriots
1,David Andrews,New England Patriots
2,Jake Andrews,New England Patriots
3,Alex Austin,New England Patriots
4,Javon Baker,New England Patriots
5,Keshawn Banks,New England Patriots
6,Bryce Baringer,New England Patriots
7,Christian Barmore,New England Patriots
8,Miles Battle,New England Patriots
9,Jaheim Bell,New England Patriots
10,Ja'Whaun Bentley,New England Patriots
11,Isaiah Bolden,New England Patriots
12,Kendrick Bourne,New England Patriots
13,Kayshon Boutte,New England Patriots
14,Jacoby Brissett,New England Patriots
15,Ben Brown,New England Patriots
16,Joe Cardona,New England Patriots
17,Jerome Carvin,New England Patriots
18,Marcellas Dial Jr.,New England Patriots
19,Demario Douglas,New England Patriots
20,Kyle Dugger,New England Patriots
21,Daniel Ekuale,New England Patriots
22,Christian Elliss,New England Patriots
23,Liam Fornadel,New England Patriots
24,Antonio Gibson,New England Patriots
25,Joe Giles-Harris,New England Patriots
26,Davon Godchaux,New England Patriots
27,Christian Gonzalez,New England Patriots
28,Kevin Harris,New England Patriots
29,Marcus Harris,New England Patriots
30,JaMycal Hasty,New England Patriots
31,Jaylinn Hawkins,New England Patriots
32,Sincere Haynesworth,New England Patriots
33,Hunter Henry,New England Patriots
34,Trysten Hill,New England Patriots
35,Austin Hooper,New England Patriots
36,Bryan Hudson,New England Patriots
37,JaQuae Jackson,New England Patriots
38,Curtis Jacobs,New England Patriots
39,Demontrey Jacobs,New England Patriots
40,DJ James,New England Patriots
41,Anfernee Jennings,New England Patriots
42,Terrell Jennings,New England Patriots
43,John Jiles,New England Patriots
44,Eric Johnson,New England Patriots
45,Caleb Jones,New England Patriots
46,Jonathan Jones,New England Patriots
47,Marcus Jones,New England Patriots
48,Mike Jordan,New England Patriots
49,Jamree Kromah,New England Patriots
50,Matt Landers,New England Patriots
51,Nick Leverett,New England Patriots
52,Vederian Lowe,New England Patriots
53,Marte Mapu,New England Patriots
54,Ochaun Mathis,New England Patriots
55,Drake Maye,New England Patriots
56,Jalen McKenzie,New England Patriots
57,Raekwon McMillan,New England Patriots
58,Joe Milton III,New England Patriots
59,Chukwuma Okorafor,New England Patriots
60,Mike Onwenu,New England Patriots
61,K.J. Osborn,New England Patriots
62,Jabrill Peppers,New England Patriots
63,Mark Perry,New England Patriots
64,Dell Pettus,New England Patriots
65,Jeremiah Pharms,New England Patriots
66,Ja'Lynn Polk,New England Patriots
67,Jalen Reagor,New England Patriots
68,Yvandy Rigby,New England Patriots
69,Layden Robinson,New England Patriots
70,Jaquelin Roy,New England Patriots
71,Jotham Russell,New England Patriots
72,Braylon Sanders,New England Patriots
73,Brenden Schooler,New England Patriots
74,Joey Slye,New England Patriots
75,Lecitus Smith,New England Patriots
76,Sidy Sow,New England Patriots
77,Rhamondre Stevenson,New England Patriots
78,Cole Strange,New England Patriots
79,Sione Takitaki,New England Patriots
80,Jahlani Tavai,New England Patriots
81,A.J. Thomas,New England Patriots
82,Zach Thomas,New England Patriots
83,Tyquan Thornton,New England Patriots
84,Joshua Uche,New England Patriots
85,Caedan Wallace,New England Patriots
86,Armon Watts,New England Patriots
87,Jack Westover,New England Patriots
88,Tyrone Wheatley Jr.,New England Patriots
89,Keion White,New England Patriots
90,Mitchell Wilcox,New England Patriots
91,Marco Wilson,New England Patriots
92,Deatrich Wise,New England Patriots
93,Oshane Ximines,New England Patriots
0,Israel Abanikanda,New York Jets
1,Davante Adams,New York Jets
2,Tony Adams,New York Jets
3,Braelon Allen,New York Jets
4,Zaire Barnes,New York Jets
5,Brenden Bates,New York Jets
6,Jarrick Bernard-Converse,New York Jets
7,Marquise Blair,New York Jets
8,Jason Brownlee,New York Jets
9,Michael Carter II,New York Jets
10,Irvin Charles,New York Jets
11,Jimmy Ciarlo,New York Jets
12,Chuck Clark,New York Jets
13,Micheal Clemons,New York Jets
14,Tyler Conklin,New York Jets
15,Malachi Corley,New York Jets
16,Ashtyn Davis,New York Jets
17,Isaiah Davis,New York Jets
18,Brandin Echols,New York Jets
19,Sam Eguavoen,New York Jets
20,Obinna Eze,New York Jets
21,Olumuyiwa Fashanu,New York Jets
22,Anthony Firkser,New York Jets
23,Leki Fotu,New York Jets
24,Sauce Gardner,New York Jets
25,Xavier Gipson,New York Jets
26,Breece Hall,New York Jets
27,Jake Hanson,New York Jets
28,Bruce Hector,New York Jets
29,Thomas Hennessy,New York Jets
30,Anthony Hines III,New York Jets
31,Jalyn Holmes,New York Jets
32,Jermaine Johnson II,New York Jets
33,Jaylen Key,New York Jets
34,Javon Kinlaw,New York Jets
35,Zack Kuntz,New York Jets
36,Allen Lazard,New York Jets
37,Kohl Levao,New York Jets
38,Alec Lindstrom,New York Jets
39,Adrian Martinez,New York Jets
40,Marcelino McCrary-Ball,New York Jets
41,Will McDonald IV,New York Jets
42,Connor McGovern,New York Jets
43,Braiden McGregor,New York Jets
44,Takk McKinley,New York Jets
45,Jalen Mills,New York Jets
46,Max Mitchell,New York Jets
47,Jarius Monroe,New York Jets
48,Thomas Morstead,New York Jets
49,Morgan Moses,New York Jets
50,C.J. Mosley,New York Jets
51,Xavier Newman-Johnson,New York Jets
52,Kene Nwangwu,New York Jets
53,Isaiah Oliver,New York Jets
54,Riley Patterson,New York Jets
55,Haason Reddick,New York Jets
56,D.J. Reed,New York Jets
57,Marcus Riley,New York Jets
58,Aaron Rodgers,New York Jets
59,Jeremy Ruckert,New York Jets
60,Wes Schweitzer,New York Jets
61,Kendall Sheffield,New York Jets
62,Jamien Sherwood,New York Jets
63,Spencer Shrader,New York Jets
64,John Simpson,New York Jets
65,Jackson Sirmon,New York Jets
66,Brandon Smith,New York Jets
67,Brandon Smith,New York Jets
68,Tyron Smith,New York Jets
69,Qwan'tez Stiggers,New York Jets
70,Chazz Surratt,New York Jets
71,Tre Swilling,New York Jets
72,Malik Taylor,New York Jets
73,Tyrod Taylor,New York Jets
74,Leonard Taylor III,New York Jets
75,Solomon Thomas,New York Jets
76,Joe Tippmann,New York Jets
77,Jordan Travis,New York Jets
78,Xazavian Valladay,New York Jets
79,Alijah Vera-Tucker,New York Jets
80,Carter Warren,New York Jets
81,Eric Watts,New York Jets
82,Mike Williams,New York Jets
83,Quinnen Williams,New York Jets
84,Quincy Williams,New York Jets
85,Garrett Wilson,New York Jets
86,Kenny Yeboah,New York Jets
87,Greg Zuerlein,New York Jets
0,Montravius Adams,Pittsburgh Steelers
1,Kyle Allen,Pittsburgh Steelers
2,Calvin Anderson,Pittsburgh Steelers
3,Spencer Anderson,Pittsburgh Steelers
4,Calvin Austin III,Pittsburgh Steelers
5,Anthony Averett,Pittsburgh Steelers
6,Keeanu Benton,Pittsburgh Steelers
7,Beanie Bishop Jr.,Pittsburgh Steelers
8,Chris Boswell,Pittsburgh Steelers
9,Jack Colletto,Pittsburgh Steelers
10,Dylan Cook,Pittsburgh Steelers
11,James Daniels,Pittsburgh Steelers
12,Shaquan Davis,Pittsburgh Steelers
13,Terrell Edmunds,Pittsburgh Steelers
14,DeShon Elliott,Pittsburgh Steelers
15,Jalen Elliott,Pittsburgh Steelers
16,Troy Fautanu,Pittsburgh Steelers
17,Breiden Fehoko,Pittsburgh Steelers
18,Justin Fields,Pittsburgh Steelers
19,Minkah Fitzpatrick,Pittsburgh Steelers
20,Zach Frazier,Pittsburgh Steelers
21,Pat Freiermuth,Pittsburgh Steelers
22,Zyon Gilbert,Pittsburgh Steelers
23,Thomas Graham Jr.,Pittsburgh Steelers
24,Devin Harper,Pittsburgh Steelers
25,Najee Harris,Pittsburgh Steelers
26,Marcus Haynes,Pittsburgh Steelers
27,C.J. Henderson,Pittsburgh Steelers
28,Nate Herbig,Pittsburgh Steelers
29,Nick Herbig,Pittsburgh Steelers
30,Cameron Heyward,Pittsburgh Steelers
31,Connor Heyward,Pittsburgh Steelers
32,Alex Highsmith,Pittsburgh Steelers
33,Cole Holcomb,Pittsburgh Steelers
34,Andy Isabella,Pittsburgh Steelers
35,Donte Jackson,Pittsburgh Steelers
36,D'Shawn Jamison,Pittsburgh Steelers
37,Van Jefferson,Pittsburgh Steelers
38,Jaray Jenkins,Pittsburgh Steelers
39,Brandon Johnson,Pittsburgh Steelers
40,Cameron Johnston,Pittsburgh Steelers
41,Broderick Jones,Pittsburgh Steelers
42,Damontae Kazee,Pittsburgh Steelers
43,Miles Killebrew,Pittsburgh Steelers
44,Christian Kuntz,Pittsburgh Steelers
45,DeMarvin Leal,Pittsburgh Steelers
46,Logan Lee,Pittsburgh Steelers
47,John Leglue,Pittsburgh Steelers
48,Eku Leota,Pittsburgh Steelers
49,Isaiahh Loudermilk,Pittsburgh Steelers
50,Dean Lowry,Pittsburgh Steelers
51,Tyler Matakevich,Pittsburgh Steelers
52,Ryan McCollum,Pittsburgh Steelers
53,Mason McCormick,Pittsburgh Steelers
54,Lance McCutcheon,Pittsburgh Steelers
55,Scott Miller,Pittsburgh Steelers
56,Jeremiah Moon,Pittsburgh Steelers
57,Dan Moore Jr.,Pittsburgh Steelers
58,Doug Nester,Pittsburgh Steelers
59,Adetokunbo Ogundeji,Pittsburgh Steelers
60,Larry Ogunjobi,Pittsburgh Steelers
61,Ayo Oyelola,Pittsburgh Steelers
62,Cordarrelle Patterson,Pittsburgh Steelers
63,David Perales,Pittsburgh Steelers
64,La'Mical Perine,Pittsburgh Steelers
65,George Pickens,Pittsburgh Steelers
66,James Pierre,Pittsburgh Steelers
67,Joey Porter Jr.,Pittsburgh Steelers
68,MyCole Pruitt,Pittsburgh Steelers
69,Patrick Queen,Pittsburgh Steelers
70,Elandon Roberts,Pittsburgh Steelers
71,Mark Robinson,Pittsburgh Steelers
72,Darius Rush,Pittsburgh Steelers
73,Max Scharping,Pittsburgh Steelers
74,Boston Scott,Pittsburgh Steelers
75,Isaac Seumalo,Pittsburgh Steelers
76,Aaron Shampklin,Pittsburgh Steelers
77,Ben Skowronek,Pittsburgh Steelers
78,Jacob Slade,Pittsburgh Steelers
79,Matt Sokol,Pittsburgh Steelers
80,Cameron Sutton,Pittsburgh Steelers
81,Cory Trice Jr.,Pittsburgh Steelers
82,Corliss Waitman,Pittsburgh Steelers
83,Jonathan Ward,Pittsburgh Steelers
84,Jaylen Warren,Pittsburgh Steelers
85,Darnell Washington,Pittsburgh Steelers
86,Quez Watkins,Pittsburgh Steelers
87,T.J. Watt,Pittsburgh Steelers
88,Ryan Watts,Pittsburgh Steelers
89,Rod Williams,Pittsburgh Steelers
90,Payton Wilson,Pittsburgh Steelers
91,Roman Wilson,Pittsburgh Steelers
92,Russell Wilson,Pittsburgh Steelers
93,Jacoby Windmon,Pittsburgh Steelers
94,Craig Young,Pittsburgh Steelers
0,Jamal Adams,Tennessee Titans
1,McTelvin Agim,Tennessee Titans
2,Abdullah Anderson,Tennessee Titans
3,Tre Avery,Tennessee Titans
4,Chidobe Awuzie,Tennessee Titans
5,Jerome Baker,Tennessee Titans
6,Darrell Baker Jr.,Tennessee Titans
7,Tyler Boyd,Tennessee Titans
8,Kendell Brooks,Tennessee Titans
9,Mike Brown,Tennessee Titans
10,Jarvis Brownlee Jr.,Tennessee Titans
11,Daniel Brunskill,Tennessee Titans
12,Treylon Burks,Tennessee Titans
13,Chance Campbell,Tennessee Titans
14,Julius Chestnut,Tennessee Titans
15,Keondre Coburn,Tennessee Titans
16,Morgan Cox,Tennessee Titans
17,Lloyd Cushenberry III,Tennessee Titans
18,Marlon Davidson,Tennessee Titans
19,Quandre Diggs,Tennessee Titans
20,Colton Dowell,Tennessee Titans
21,Khalid Duke,Tennessee Titans
22,Jaelyn Duncan,Tennessee Titans
23,Nick Folk,Tennessee Titans
24,Ali Gaye,Tennessee Titans
25,Jack Gibbens,Tennessee Titans
26,Luke Gifford,Tennessee Titans
27,Cedric Gray,Tennessee Titans
28,Arlington Hambright,Tennessee Titans
29,Justin Hardee,Tennessee Titans
30,Jaylen Harrell,Tennessee Titans
31,Amani Hooker,Tennessee Titans
32,DeAndre Hopkins,Tennessee Titans
33,Isaiah Iton,Tennessee Titans
34,Jha'Quan Jackson,Tennessee Titans
35,Gabe Jeudy-Lally,Tennessee Titans
36,Kyron Johnson,Tennessee Titans
37,Ernest Jones,Tennessee Titans
38,Sebastian Joseph-Day,Tennessee Titans
39,Joshua Kelley,Tennessee Titans
40,Anthony Kendall,Tennessee Titans
41,Arden Key,Tennessee Titans
42,Mason Kinsey,Tennessee Titans
43,Harold Landry,Tennessee Titans
44,JC Latham,Tennessee Titans
45,Corey Levin,Tennessee Titans
46,Will Levis,Tennessee Titans
47,James Lynch,Tennessee Titans
48,Tay Martin,Tennessee Titans
49,David Martin-Robinson,Tennessee Titans
50,Roger McCreary,Tennessee Titans
51,TK McLendon Jr.,Tennessee Titans
52,Caleb Murphy,Tennessee Titans
53,"Kenneth Murray, Jr.",Tennessee Titans
54,Thomas Odukoya,Tennessee Titans
55,John Ojukwu,Tennessee Titans
56,Chig Okonkwo,Tennessee Titans
57,Bryce Oliver,Tennessee Titans
58,Nicholas Petit-Frere,Tennessee Titans
59,Tony Pollard,Tennessee Titans
60,Isaiah Prince,Tennessee Titans
61,Dillon Radunz,Tennessee Titans
62,Otis Reese,Tennessee Titans
63,Calvin Ridley,Tennessee Titans
64,Mason Rudolph,Tennessee Titans
65,Andrew Rupcich,Tennessee Titans
66,Trevor Siemian,Tennessee Titans
67,Jeffery Simmons,Tennessee Titans
68,Peter Skoronski,Tennessee Titans
69,Jabari Small,Tennessee Titans
70,L'Jarius Sneed,Tennessee Titans
71,Tyjae Spears,Tennessee Titans
72,Cole Spencer,Tennessee Titans
73,Ryan Stonehouse,Tennessee Titans
74,T'Vondre Sweat,Tennessee Titans
75,Nick Vannett,Tennessee Titans
76,Garret Wallow,Tennessee Titans
77,Leroy Watson IV,Tennessee Titans
78,Nick Westbrook-Ikhine,Tennessee Titans
79,Josh Whyle,Tennessee Titans
80,James Williams,Tennessee Titans
81,Julius Wood,Tennessee Titans
